
/*!40101 SET @OLD_CHARACTER_SET_CLIENT=@@CHARACTER_SET_CLIENT */;
/*!40101 SET @OLD_CHARACTER_SET_RESULTS=@@CHARACTER_SET_RESULTS */;
/*!40101 SET @OLD_COLLATION_CONNECTION=@@COLLATION_CONNECTION */;
/*!50503 SET NAMES utf8mb4 */;
/*!40103 SET @OLD_TIME_ZONE=@@TIME_ZONE */;
/*!40103 SET TIME_ZONE='+00:00' */;
/*!40014 SET @OLD_UNIQUE_CHECKS=@@UNIQUE_CHECKS, UNIQUE_CHECKS=0 */;
/*!40014 SET @OLD_FOREIGN_KEY_CHECKS=@@FOREIGN_KEY_CHECKS, FOREIGN_KEY_CHECKS=0 */;
/*!40101 SET @OLD_SQL_MODE=@@SQL_MODE, SQL_MODE='NO_AUTO_VALUE_ON_ZERO' */;
/*!40111 SET @OLD_SQL_NOTES=@@SQL_NOTES, SQL_NOTES=0 */;

CREATE DATABASE /*!32312 IF NOT EXISTS*/ `lager_melder` /*!40100 DEFAULT CHARACTER SET utf8mb4 COLLATE utf8mb4_0900_ai_ci */ /*!80016 DEFAULT ENCRYPTION='N' */;

USE `lager_melder`;
DROP TABLE IF EXISTS `DATABASECHANGELOG`;
/*!40101 SET @saved_cs_client     = @@character_set_client */;
/*!50503 SET character_set_client = utf8mb4 */;
CREATE TABLE `DATABASECHANGELOG` (
  `ID` varchar(255) NOT NULL,
  `AUTHOR` varchar(255) NOT NULL,
  `FILENAME` varchar(255) NOT NULL,
  `DATEEXECUTED` datetime NOT NULL,
  `ORDEREXECUTED` int NOT NULL,
  `EXECTYPE` varchar(10) NOT NULL,
  `MD5SUM` varchar(35) DEFAULT NULL,
  `DESCRIPTION` varchar(255) DEFAULT NULL,
  `COMMENTS` varchar(255) DEFAULT NULL,
  `TAG` varchar(255) DEFAULT NULL,
  `LIQUIBASE` varchar(20) DEFAULT NULL,
  `CONTEXTS` varchar(255) DEFAULT NULL,
  `LABELS` varchar(255) DEFAULT NULL,
  `DEPLOYMENT_ID` varchar(10) DEFAULT NULL
) ENGINE=InnoDB DEFAULT CHARSET=utf8mb4 COLLATE=utf8mb4_0900_ai_ci;
/*!40101 SET character_set_client = @saved_cs_client */;

LOCK TABLES `DATABASECHANGELOG` WRITE;
/*!40000 ALTER TABLE `DATABASECHANGELOG` DISABLE KEYS */;
INSERT INTO `DATABASECHANGELOG` VALUES ('202202180','kordon','db/scripts/001_add-attendees-users-departments.xml','2023-02-08 20:42:28',1,'EXECUTED','8:9454a561b6e242c3cc80ee6f237ae4f9','createTable tableName=attendees; addAutoIncrement columnName=id, tableName=attendees; createIndex indexName=unique_attendees_department_id_first_last_name, tableName=attendees; createIndex indexName=unique_attendees_code, tableName=attendees','',NULL,'4.8.0',NULL,NULL,'5888948019'),('202202181','kordon','db/scripts/001_add-attendees-users-departments.xml','2023-02-08 20:42:29',2,'EXECUTED','8:d37c9475fb4842ff025e9ddf023c73b9','createTable tableName=departments; addAutoIncrement columnName=id, tableName=departments; addForeignKeyConstraint baseTableName=attendees, constraintName=attendees_department_id_constraint, referencedTableName=departments; createIndex indexName=un...','',NULL,'4.8.0',NULL,NULL,'5888948019'),('202202182','kordon','db/scripts/001_add-attendees-users-departments.xml','2023-02-08 20:42:29',3,'EXECUTED','8:8f574654a9c68366db4e42da6a1f1160','createTable tableName=users; addAutoIncrement columnName=id, tableName=users; addForeignKeyConstraint baseTableName=users, constraintName=user_department_id_constraint, referencedTableName=departments; createIndex indexName=unique_users_username, ...','',NULL,'4.8.0',NULL,NULL,'5888948019'),('202202190','kordon','db/scripts/002_add-settings.xml','2023-02-08 20:42:29',4,'EXECUTED','8:35ad1118dfc7d999c41a610370c2f4ed','createTable tableName=settings','',NULL,'4.8.0',NULL,NULL,'5888948019'),('202202191','kordon','db/scripts/003_add-events.xml','2023-02-08 20:42:29',5,'EXECUTED','8:c6da3cb6b5361f82321df8f9d02a46d0','createTable tableName=events; addAutoIncrement columnName=id, tableName=events; createIndex indexName=unique_events_code, tableName=events','',NULL,'4.8.0',NULL,NULL,'5888948019'),('202202192','kordon','db/scripts/003_add-events.xml','2023-02-08 20:42:29',6,'EXECUTED','8:e588f7a599f21f82dbf53ad36aa409e2','createTable tableName=attendee_in_event; addAutoIncrement columnName=id, tableName=attendee_in_event; addForeignKeyConstraint baseTableName=attendee_in_event, constraintName=attendee_in_event_attendee_code_constraint, referencedTableName=attendees...','',NULL,'4.8.0',NULL,NULL,'5888948019'),('202202193','kordon','db/scripts/004_add-pcr-tests.xml','2023-02-08 20:42:29',7,'EXECUTED','8:9b14a95ef4aadb66903aedd78d6cc3cb','createTable tableName=pcr_test_series; addAutoIncrement columnName=id, tableName=pcr_test_series','',NULL,'4.8.0',NULL,NULL,'5888948019'),('202202194','kordon','db/scripts/004_add-pcr-tests.xml','2023-02-08 20:42:29',8,'EXECUTED','8:bb0b685370d41933c1d935fc6b7f3ba5','createTable tableName=pcr_tests; addAutoIncrement columnName=id, tableName=pcr_tests; addForeignKeyConstraint baseTableName=pcr_tests, constraintName=pcr_tests_pcr_test_series_constraint, referencedTableName=pcr_test_series; createIndex indexName=...','',NULL,'4.8.0',NULL,NULL,'5888948019'),('202202195','kordon','db/scripts/004_add-pcr-tests.xml','2023-02-08 20:42:30',9,'EXECUTED','8:f4642ceda6f1f77ce45dd83d8872c196','createTable tableName=attendee_pcr_test; addPrimaryKey constraintName=primary_attendee_pcr_test, tableName=attendee_pcr_test; addForeignKeyConstraint baseTableName=attendee_pcr_test, constraintName=attendee_pcr_test_attendee_id_constraint, referen...','',NULL,'4.8.0',NULL,NULL,'5888948019'),('202203010','kordon','db/scripts/006_add-event-type.xml','2023-02-08 20:42:30',10,'EXECUTED','8:b3be978045d557f6f1533fc8d03cb66e','addColumn tableName=events','',NULL,'4.8.0',NULL,NULL,'5888948019'),('202203011','kordon','db/scripts/006_add-event-type.xml','2023-02-08 20:42:30',11,'EXECUTED','8:81d5265dc7f7f90b561d675f412b1fbb','loadData tableName=events','',NULL,'4.8.0',NULL,NULL,'5888948019'),('202203020','kordon','db/scripts/007_add-attendee-status.xml','2023-02-08 20:42:30',12,'EXECUTED','8:d91ec47b4f6f6b9a46cabc69d2b600cd','addColumn tableName=attendees','',NULL,'4.8.0',NULL,NULL,'5888948019'),('202301028','kordon','db/scripts/008_add-tent-count.xml','2023-02-08 20:42:30',13,'EXECUTED','8:7d6b55b5e46ee6753127ce5d9cc38fed','createTable tableName=tents; addAutoIncrement columnName=id, tableName=tents; addUniqueConstraint tableName=tents; addForeignKeyConstraint baseTableName=tents, constraintName=tents_department_id_constraint, referencedTableName=departments','',NULL,'4.8.0',NULL,NULL,'5888948019'),('202304091','kordon','db/scripts/009_add-youth-plan-attendee-roles.xml','2023-04-27 19:23:38',14,'EXECUTED','8:d7ff281408ae339540279d211676bfdc','createTable tableName=youth_plan_attendee_roles; addUniqueConstraint tableName=tents; addForeignKeyConstraint baseTableName=youth_plan_attendee_roles, constraintName=youth_plan_attendee_role_attendee_id, referencedTableName=attendees; addForeignKe...','',NULL,'4.8.0',NULL,NULL,'2623417953'),('202304011','kordon','db/scripts/010_add-start-of-registration-files-date.xml','2023-04-27 19:23:38',15,'EXECUTED','8:1e67fa0c39c5424eedeeff0a9117a80f','addColumn tableName=settings','',NULL,'4.8.0',NULL,NULL,'2623417953');
/*!40000 ALTER TABLE `DATABASECHANGELOG` ENABLE KEYS */;
UNLOCK TABLES;
DROP TABLE IF EXISTS `DATABASECHANGELOGLOCK`;
/*!40101 SET @saved_cs_client     = @@character_set_client */;
/*!50503 SET character_set_client = utf8mb4 */;
CREATE TABLE `DATABASECHANGELOGLOCK` (
  `ID` int NOT NULL,
  `LOCKED` bit(1) NOT NULL,
  `LOCKGRANTED` datetime DEFAULT NULL,
  `LOCKEDBY` varchar(255) DEFAULT NULL,
  PRIMARY KEY (`ID`)
) ENGINE=InnoDB DEFAULT CHARSET=utf8mb4 COLLATE=utf8mb4_0900_ai_ci;
/*!40101 SET character_set_client = @saved_cs_client */;

LOCK TABLES `DATABASECHANGELOGLOCK` WRITE;
/*!40000 ALTER TABLE `DATABASECHANGELOGLOCK` DISABLE KEYS */;
INSERT INTO `DATABASECHANGELOGLOCK` VALUES (1,_binary '\0',NULL,NULL);
/*!40000 ALTER TABLE `DATABASECHANGELOGLOCK` ENABLE KEYS */;
UNLOCK TABLES;
DROP TABLE IF EXISTS `attendee_in_event`;
/*!40101 SET @saved_cs_client     = @@character_set_client */;
/*!50503 SET character_set_client = utf8mb4 */;
CREATE TABLE `attendee_in_event` (
  `id` bigint NOT NULL AUTO_INCREMENT,
  `attendee_code` varchar(255) NOT NULL,
  `event_code` varchar(255) NOT NULL,
  `time` datetime(6) NOT NULL,
  PRIMARY KEY (`id`),
  KEY `attendee_in_event_attendee_code_constraint` (`attendee_code`),
  KEY `attendee_in_event_event_code_constraint` (`event_code`),
  CONSTRAINT `attendee_in_event_attendee_code_constraint` FOREIGN KEY (`attendee_code`) REFERENCES `attendees` (`code`),
  CONSTRAINT `attendee_in_event_event_code_constraint` FOREIGN KEY (`event_code`) REFERENCES `events` (`code`)
) ENGINE=InnoDB AUTO_INCREMENT=100 DEFAULT CHARSET=utf8mb4 COLLATE=utf8mb4_0900_ai_ci;
/*!40101 SET character_set_client = @saved_cs_client */;

LOCK TABLES `attendee_in_event` WRITE;
/*!40000 ALTER TABLE `attendee_in_event` DISABLE KEYS */;
/*!40000 ALTER TABLE `attendee_in_event` ENABLE KEYS */;
UNLOCK TABLES;
DROP TABLE IF EXISTS `attendee_pcr_test`;
/*!40101 SET @saved_cs_client     = @@character_set_client */;
/*!50503 SET character_set_client = utf8mb4 */;
CREATE TABLE `attendee_pcr_test` (
  `attendee_id` bigint NOT NULL,
  `pcr_test_id` bigint NOT NULL,
  PRIMARY KEY (`attendee_id`,`pcr_test_id`),
  KEY `attendee_pcr_test_pcr_test_id_constraint` (`pcr_test_id`),
  CONSTRAINT `attendee_pcr_test_attendee_id_constraint` FOREIGN KEY (`attendee_id`) REFERENCES `attendees` (`id`),
  CONSTRAINT `attendee_pcr_test_pcr_test_id_constraint` FOREIGN KEY (`pcr_test_id`) REFERENCES `pcr_tests` (`id`)
) ENGINE=InnoDB DEFAULT CHARSET=utf8mb4 COLLATE=utf8mb4_0900_ai_ci;
/*!40101 SET character_set_client = @saved_cs_client */;

LOCK TABLES `attendee_pcr_test` WRITE;
/*!40000 ALTER TABLE `attendee_pcr_test` DISABLE KEYS */;
/*!40000 ALTER TABLE `attendee_pcr_test` ENABLE KEYS */;
UNLOCK TABLES;
DROP TABLE IF EXISTS `attendees`;
/*!40101 SET @saved_cs_client     = @@character_set_client */;
/*!50503 SET character_set_client = utf8mb4 */;
CREATE TABLE `attendees` (
  `id` bigint NOT NULL AUTO_INCREMENT,
  `additional_information` varchar(255) DEFAULT NULL,
  `birthday` varchar(255) NOT NULL,
  `code` varchar(255) NOT NULL,
  `food` varchar(255) NOT NULL,
  `first_name` varchar(255) NOT NULL,
  `last_name` varchar(255) NOT NULL,
  `role` varchar(255) NOT NULL,
  `t_shirt_size` varchar(255) NOT NULL,
  `department_id` bigint NOT NULL,
  `status` varchar(255) DEFAULT NULL,
  PRIMARY KEY (`id`),
  UNIQUE KEY `unique_attendees_department_id_first_last_name` (`first_name`,`last_name`,`department_id`),
  UNIQUE KEY `unique_attendees_code` (`code`),
  KEY `attendees_department_id_constraint` (`department_id`),
  CONSTRAINT `attendees_department_id_constraint` FOREIGN KEY (`department_id`) REFERENCES `departments` (`id`)
) ENGINE=InnoDB AUTO_INCREMENT=943 DEFAULT CHARSET=utf8mb4 COLLATE=utf8mb4_0900_ai_ci;
/*!40101 SET character_set_client = @saved_cs_client */;

LOCK TABLES `attendees` WRITE;
/*!40000 ALTER TABLE `attendees` DISABLE KEYS */;
INSERT INTO `attendees` VALUES (25,'','1979-07-24','7HpGfZyj','MEAT','Steven ','Handy','YOUTH_LEADER','XXL',37,NULL),(26,'','1981-01-22','XycX8Zjb','MEAT','Tamara ','Handy','YOUTH_LEADER','XXL',37,NULL),(28,'','2023-02-17','Qoc3aBQ2','MEAT','Sophie','Rieber ','YOUTH_LEADER','M',37,NULL),(33,'','2013-04-14','05roTCpp','MEAT','Nils','Czerny ','YOUTH','S164',37,NULL),(34,'','2010-11-12','ERCCoS1R','MEAT','Henrik','Czerny ','YOUTH','S164',37,NULL),(35,'','2009-09-06','PLpKk5VQ','MEAT','Levin','Reitze ','YOUTH','S164',37,NULL),(36,'','2008-10-10','ZTyKY27s','MEAT','Dario','Rodriguez-Rug ','YOUTH','S',37,NULL),(39,'','2013-05-19','p2r7x8e9','MEAT','Lucian ','Blank ','YOUTH','S140152',37,NULL),(40,'','2008-10-03','b0InE1Ao','MEAT','Julian ','Schenkel ','YOUTH','M',37,NULL),(41,'🥕, 🍅🍏,🥝,🥬','2008-11-14','tqPsH064','MEAT','Katja ','Fink ','YOUTH','S',37,NULL),(42,'','2006-09-13','uxt7UaEP','MEAT','Jacob','Virzi','YOUTH','M',37,NULL),(43,'','2009-01-03','Bhyrs406','MEAT','Samiel ','Wiegand ','YOUTH','L',37,NULL),(45,'','2012-12-07','vM9zAMK1','MEAT','Anna','Rieber ','YOUTH','M',37,NULL),(46,'','2009-01-27','n9KlPHPl','MEAT','Nils','Gierls ','YOUTH','M',37,NULL),(47,'','2012-12-13','EsMNy1B3','MEAT','Luca','Künze ','YOUTH','S140152',37,NULL),(48,'','2010-05-08','FDuAd5nk','MEAT','Jonathan ','Klein','YOUTH','S',37,NULL),(49,'','2013-12-11','yZ1h8lCU','MEAT','Elian','Reitze ','YOUTH','S140152',37,NULL),(50,'','2008-06-27','5NmPrd8L','MEAT','Fabian','Zorn','YOUTH','S',37,NULL),(51,'','2013-01-21','I53QkN0E','MEAT','Pascal ','Zorn ','YOUTH','S',37,NULL),(52,'','1998-06-23','G29XbrKN','MEAT','Manon','Ruffny','YOUTH_LEADER','M',37,NULL),(53,'','1995-01-14','e5TH11pZ','MEAT','Thorsten ','Zimmermann ','YOUTH_LEADER','XL',37,NULL),(54,'','2000-03-14','z49Ps5ut','MEAT','Zoe','Manon ','YOUTH_LEADER','S',37,NULL),(55,'','2003-10-30','mRcxT0UC','MEAT','Lisa','Eisenhaber ','YOUTH_LEADER','M',37,NULL),(56,'','2009-10-24','4L9xGIqe','MEAT','Jannis','Bachmann ','YOUTH','M',37,NULL),(57,'','2013-05-07','RKb1pWcX','MEAT','Laura','Bachmann ','YOUTH','S140152',37,NULL),(58,'','1983-09-27','e0KIQWPq','MEAT','Manuela','Günter','YOUTH_LEADER','M',32,NULL),(59,'Kein Gluten und möglichst laktosefrei; für kleine Mengen kann in beiden Fällen eine Tablette genommen werden. Bringen auch gern was mit','1987-09-09','S63UqYJo','SPECIAL','Jasmin','Günter','YOUTH_LEADER','XL',32,NULL),(60,'','2003-06-19','IX1rNew0','MEAT','Jacob','Machauer','YOUTH_LEADER','XL',32,NULL),(61,'','2003-04-23','71LytaHf','MEAT','Maxime','Blank','YOUTH_LEADER','XXL',32,NULL),(62,'','2003-05-05','bvS62zMw','MEAT','Luisa','Scheib','YOUTH_LEADER','M',32,NULL),(63,'','2004-08-07','HRjgD6QN','MEAT','Philip','Strenger','YOUTH_LEADER','L',32,NULL),(65,'','2010-10-10','Ut3jp6vQ','MEAT','Jonas','Rosendorff ','YOUTH','S',37,NULL),(66,'','2013-06-30','cvAJ5LsW','MEAT','Lina','Rosendorff ','YOUTH','S140152',37,NULL),(67,'','1989-02-09','aQ3fefZV','MEAT','Caroline','Maier','YOUTH_LEADER','M',32,NULL),(69,'','1996-07-19','VdvNiIf4','MEAT','Roth','Dennis','YOUTH_LEADER','X3L',48,NULL),(70,'Allergie: Pollen','2000-08-21','LVnCMaV3','MEAT','Foos','Lara','YOUTH_LEADER','M',48,NULL),(71,'','2006-10-20','40Z1XY1c','MEAT','Lamm','Emilia','YOUTH','M',48,NULL),(72,'','2008-12-24','6icI1O8R','VEGETARIAN','Throm','Lilly','YOUTH','L',48,NULL),(73,'','2009-09-07','5OFM1yoH','MEAT','Scholl','Leon','YOUTH','XL',48,NULL),(74,'','2009-10-09','nJvk2ofJ','MEAT','Ludorf','Jason','YOUTH','L',48,NULL),(75,'','2009-05-29','Gf9q85Bw','MEAT','Bär','Mirja','YOUTH','M',48,NULL),(76,'','2010-01-23','0JJGks21','MEAT','Köhler','tim','YOUTH','S',48,NULL),(77,'','2006-11-20','momS58bS','VEGETARIAN','Holub','Lea','YOUTH','M',48,NULL),(78,'','2004-07-18','2Hv03SL6','MEAT','Westenfelder','Kai','YOUTH_LEADER','L',48,NULL),(80,'','2008-05-25','YSNC1n1u','MEAT','Liam ','Andree ','YOUTH','M',37,NULL),(81,'','2006-06-01','dFWr4oUh','MEAT','Ian ','Andree ','YOUTH','XL',37,NULL),(82,'','2006-06-07','pwkN648H','MEAT','Jan','Heuser ','YOUTH','XL',37,NULL),(83,'','2006-06-11','mtOe2yP3','MEAT','Lukas','Kemnitz ','YOUTH','L',37,NULL),(85,'Abt. Schielberg, stellv. Abteilungsjugendleiter, Unverträglichkeit: Weizen, Laktose, Zwiebel, Paprika','2002-08-26','03snxcNv','SPECIAL','Laura ','Reichert','YOUTH_LEADER','S',77,NULL),(86,'Abt. Pfaffenrot, Abteilungsjugendleiter Pfaffenrot und verantwortlich für gesamt Marxzell','1998-07-22','45cPGjhu','MEAT','Lukas ','Weber','YOUTH_LEADER','XL',77,NULL),(87,'','2007-03-30','1pJsAXF0','MEAT','Leon','Kromer ','YOUTH','M',37,NULL),(88,'','1997-05-25','6CFZgDxA','MEAT','Lange','Tobias','YOUTH_LEADER','M',119,NULL),(89,'','1997-10-24','rdQx3kGO','MEAT','Max','Lauinger','YOUTH_LEADER','L',119,NULL),(90,'','2006-07-15','07SMzvT0','MEAT','Nico','Widmann','YOUTH','XL',119,NULL),(91,'','2012-01-24','1GISH57M','MEAT','Lasse','Knobloch','YOUTH','S164',119,NULL),(92,'','2005-12-27','G1ozqOFV','MEAT','Jasmin','Zengerle','YOUTH','L',119,NULL),(93,'','2005-10-29','0pmJKUen','MEAT','Lea','Haas','YOUTH','L',119,NULL),(94,'Fehlt Ausweis','2006-08-30','0DIYphZq','MEAT','Roland','Schuknecht','YOUTH','XL',119,NULL),(97,'','2010-02-24','wEYBx07v','MEAT','Paetrick','Hirschinger','YOUTH','M',30,NULL),(98,'','2010-12-13','3H1nz9DE','MEAT','Sven','Eißler','YOUTH','L',30,NULL),(99,'Asthma','2010-07-24','GID3kNAm','MEAT','Noah','Baumgärtner','YOUTH','S',30,NULL),(100,'','2010-05-11','V2S8Qm66','MEAT','Robin','Schmidt','YOUTH','L',30,NULL),(101,'','2011-01-09','0qTbijrt','MEAT','Nico','Kucinsko','YOUTH','S140152',30,NULL),(102,'','2002-01-30','RqqwH4ZC','MEAT','Andre','Ackermann','YOUTH_LEADER','XL',30,NULL),(103,'','2003-05-25','if7o5fmW','MEAT','Antonia','Zimmerer','YOUTH_LEADER','M',30,NULL),(104,'','1959-12-30','5Pf5Wepk','MEAT','Ulrich','Geißler','YOUTH_LEADER','XL',30,NULL),(108,'','1978-09-25','MyTzF9GZ','MEAT','Timo','Spitz','YOUTH_LEADER','XXL',11,NULL),(109,'','1976-11-24','0QkDN4UF','MEAT','Jan','Becker','YOUTH_LEADER','XXL',11,NULL),(110,'Lager & Fahrten','2001-02-07','IsDkc1SK','MEAT','Steffen ','Machhold','YOUTH_LEADER','XL',11,NULL),(111,'Lager & Fahrten','1998-02-16','N6nK9aLe','MEAT','Jan ','Ernst','YOUTH_LEADER','XL',11,NULL),(112,'Lager & Fahrten','2004-01-08','80czFxGz','MEAT','Nico ','Herrmann','YOUTH_LEADER','L',11,NULL),(113,'','2006-06-22','1L98M8c9','MEAT','Norea','Droll','YOUTH','M',119,NULL),(114,'','1969-04-04','wUWw2qy0','MEAT','Manfred','Wolf','YOUTH_LEADER','XL',11,NULL),(115,'','2003-09-24','gwVugI1z','MEAT','Florian','Wolf','YOUTH_LEADER','XL',11,NULL),(116,'Z-KID Jan Becker','2017-11-06','hXL1MtjK','MEAT','David','Becker','YOUTH','S116128',11,NULL),(117,'Z-KID Jan Becker','2020-01-12','F2k2mO0S','MEAT','Paul','Becker','YOUTH','S104110',11,NULL),(118,'Z-KID Arne Maier (98/104)','2022-01-01','4DCXQ3d0','VEGETARIAN','Janosch','Maier','YOUTH','S104110',11,NULL),(119,'Ausbildung','2000-01-01','yFTVsXq0','MEAT','Patric','Paulus','YOUTH_LEADER','XXL',11,NULL),(120,'','2006-08-07','2RStAxGn','MEAT','Maxim','Stumpf','YOUTH','L',121,NULL),(124,'','2009-07-07','Fc6Ky2rS','MEAT','Luca','Dauth','YOUTH','S',121,NULL),(125,'','2011-09-02','iLabkS5i','MEAT','Vivien','Farkas','YOUTH','S140152',121,NULL),(126,'','2009-08-07','6LCFyp8Q','MEAT','Luca','Hilpp','YOUTH','L',121,NULL),(127,'','1985-10-10','MyG7u6sB','MEAT','Simone','Speck','YOUTH_LEADER','L',11,NULL),(128,'','1955-08-17','hoP1ICvh','MEAT','Thomas','Speck','YOUTH_LEADER','XXL',11,NULL),(129,'Z-KID Simone Speck','2016-11-29','BL8mqZZe','MEAT','Lara','Speck','YOUTH','S116128',11,NULL),(130,'','2012-12-18','G3TUBN8N','MEAT','Madeleine','Heim','YOUTH','M',109,NULL),(131,'','2015-08-11','1alhkw19','MEAT','Melissa','Heim','YOUTH','S140152',109,NULL),(132,'','2007-11-26','FTd7AOi4','MEAT','Lorenz','Balduf','YOUTH','L',109,NULL),(133,'','2015-02-12','aDbTUVu6','MEAT','Tim','Zindl','YOUTH','S140152',109,NULL),(134,'','2012-08-03','fRfldZ2t','MEAT','Fiona','Heck','YOUTH','S164',109,NULL),(135,'','2012-07-07','CkFubW8f','MEAT','Laurenz','Heger','YOUTH','S164',109,NULL),(136,'','2015-05-31','s8wgAWO4','MEAT','Josefina','Heger','YOUTH','S140152',109,NULL),(137,'','2006-04-23','Vicx9XAK','MEAT','Adrian ','Miller','YOUTH','XXL',109,NULL),(138,'','2006-09-05','SZ4lPS4d','MEAT','Jonas ','Bechtold','YOUTH','L',109,NULL),(139,'','2007-10-13','qpRtE6rA','MEAT','Arthur','Miller','YOUTH','L',109,NULL),(140,'','2010-03-31','Pj4W4ZFW','MEAT','Alina','Hoffmann ','YOUTH','S',109,NULL),(141,'','2005-09-23','ezGLDp2D','MEAT','Maximilian','Kling ','YOUTH','M',109,NULL),(142,'','2014-03-19','R8CGocdE','MEAT','Briana','Lux','YOUTH','S140152',109,NULL),(143,'','2011-07-22','HICtC89j','VEGETARIAN','Julia','Seidl','YOUTH','S140152',109,NULL),(144,'','2005-09-08','V901OlL1','MEAT','Alena','Küstner','YOUTH','M',109,NULL),(145,'','2008-10-27','ICHb1os2','MEAT','Emely','Küstner','YOUTH','M',109,NULL),(146,'','2014-11-16','RgZ5W5A5','MEAT','Lea ','Zweifel','YOUTH','S164',109,NULL),(147,'','2013-02-02','0oZj7ZY1','MEAT','Max','Zweifel','YOUTH','S140152',109,NULL),(148,'','2012-06-24','6ktl0LWO','MEAT','Ella ','Schorpp','YOUTH','XL',109,NULL),(149,'','2012-12-12','OwvKm6FM','MEAT','Finn-Luca','Küstner','YOUTH','S164',109,NULL),(150,'','2015-07-31','1JX9EAOw','MEAT','Felix','Postweiler','YOUTH','S140152',109,NULL),(151,'','1985-04-28','B6qC51uX','MEAT','Bettina ','Küstner','YOUTH_LEADER','M',109,NULL),(152,'','1992-04-30','njOCt9CL','MEAT','Tim','Köhler','YOUTH_LEADER','L',109,NULL),(153,'','1999-12-17','mk4E0oGZ','MEAT','Marcel ','Falkenstein','YOUTH_LEADER','X4L',109,NULL),(154,'','1997-03-27','0LlJ1jYJ','MEAT','Florian ','Krämer','YOUTH_LEADER','L',109,NULL),(155,'','1987-12-11','yu9Kb03F','MEAT','Henning ','Layer','YOUTH_LEADER','M',109,NULL),(156,'','1987-07-28','3fFD3pwh','MEAT','Daniela ','Layer','YOUTH_LEADER','L',109,NULL),(157,'','1994-07-13','TIXUFn6P','MEAT','Maximilian','Neu','YOUTH_LEADER','XL',100,NULL),(158,'','2006-11-14','5PxF7DlO','MEAT','Tim','Finkbeiner','YOUTH','XL',100,NULL),(159,'Öffentlichkeitsarbeit','2000-01-01','3XrMgXW4','MEAT','Antje ','Heger','YOUTH_LEADER','XL',11,NULL),(160,'Glutenfrei  Öffentlichkeitsarbeit','2000-01-01','XN10Yrc1','SPECIAL','Katja','Meyer','YOUTH_LEADER','M',11,NULL),(161,'Öffentlichkeitsarbeit','2000-01-01','lWKJK2nI','MEAT','Marco','Reichert','YOUTH_LEADER','XL',11,NULL),(162,'Öffentlichkeitsarbeit','2000-01-01','ceck37Z8','MEAT','Armin ','Rimmelspacher','YOUTH_LEADER','XL',11,NULL),(163,'Öffentlichkeitsarbeit','2000-01-01','3U0Xyt0t','MEAT','Matthias','Wagner','YOUTH_LEADER','XXL',11,NULL),(164,'','2011-05-25','Jd6elmPR','MEAT','Simone','Koliger','YOUTH','S',100,NULL),(165,'','2005-09-05','G39H1T4b','MEAT','Mathis','Koliger','YOUTH','M',100,NULL),(166,'','2008-03-28','Fq9mCnr6','MEAT','Norman','Koliger','YOUTH','M',100,NULL),(167,'','2009-09-23','w6ayrKxA','MEAT','Tibor','Oppen','YOUTH','L',100,NULL),(168,'','2009-11-17','RpsxhrA4','MEAT','Miguel','Rivas','YOUTH','M',100,NULL),(169,'','2010-08-23','1eBEuswC','MEAT','Lukas','Frohnhöfer','YOUTH','S',100,NULL),(170,'','2012-03-29','Vxbjj5V7','MEAT','Nora','Frohnhöfer','YOUTH','S',100,NULL),(171,'','2012-11-06','K0MnVA5c','MEAT','Teresa','Nagel','YOUTH','S',100,NULL),(172,'','2009-06-12','bZHvh52S','MEAT','Elia','Nagel','YOUTH','M',100,NULL),(173,'','2007-01-19','1GaeRxJv','MEAT','Fabio','Nagel','YOUTH','L',100,NULL),(174,'','2008-11-02','f2AXnfKl','MEAT','Finn','Bergau','YOUTH','L',100,NULL),(175,'','2013-03-20','OVUmDk46','MEAT','Simon','Shaikh','YOUTH','S164',100,NULL),(176,'','2005-04-22','34EiNuMr','MEAT','Tim','Mitterlindner','YOUTH','L',100,NULL),(177,'','1994-09-23','P2gJX9EB','MEAT','Aaron','Nees','YOUTH_LEADER','M',100,NULL),(191,'','2012-05-04','MLa39ESs','MEAT','Matteo','Baldauf','YOUTH','S140152',70,NULL),(192,'','2012-05-04','x8x7gqhC','MEAT','Bennet','Baldauf','YOUTH','S140152',70,NULL),(193,'','2006-05-10','evbk7P8v','MEAT','Max','Koch','YOUTH','M',70,NULL),(194,'','2006-07-11','zYjfP2h0','MEAT','Maddox','Heiler','YOUTH','L',70,NULL),(195,'','2007-09-28','r0n2dYFk','MEAT','Jana','Wagner','YOUTH','S',70,NULL),(196,'','2007-04-25','f6XsvOKz','MEAT','Tian','Göring','YOUTH','L',70,NULL),(197,'','2007-04-23','pE96ufXU','MEAT','Tim','Finke','YOUTH','L',70,NULL),(198,'','2006-05-30','W5bu9Zrg','MEAT','David','Köhler','YOUTH','L',70,NULL),(199,'','2005-02-13','4cgoMKSH','MEAT','Mathias','Schili','YOUTH','XXL',70,NULL),(200,'','2013-01-28','CSWn23vb','MEAT','Leon','Schleweis','YOUTH','S140152',70,NULL),(201,'','2010-09-17','t83ESqL1','VEGETARIAN','Maren','Wagner','YOUTH','S',70,NULL),(202,'','2008-05-29','1N2swtYm','MEAT','Jason','Abrell','YOUTH','L',70,NULL),(203,'','2007-01-08','8UF7WgRZ','MEAT','Daniel','Baldauf','YOUTH','L',70,NULL),(204,'','1984-06-01','MebZ4A2S','VEGETARIAN','Lisa','Hammermeister','YOUTH_LEADER','M',70,NULL),(205,'','1979-04-17','TcD8bUK2','MEAT','Sabrina','Praml','YOUTH_LEADER','XXL',70,NULL),(206,'bis Samstag','1988-04-18','KG8oWzJA','MEAT','Jens','Nagel','YOUTH_LEADER','L',70,NULL),(207,'ab Samstag','2002-06-28','62Sc0HwJ','MEAT','Cedric','Joß','YOUTH_LEADER','L',70,NULL),(208,'','1998-05-22','BM1toHXt','MEAT','Nico','Kilian','YOUTH_LEADER','L',70,NULL),(209,'','1978-08-12','K2rBx7kz','MEAT','Armin','Schulz','YOUTH_LEADER','XL',70,NULL),(210,'bis Freitag','2003-12-08','7F8KpSjZ','MUSLIM','Emre','Yildiz','YOUTH_LEADER','M',70,NULL),(211,'ab Freitag','1983-11-18','rt8LqNyw','MEAT','Florian','Schnäbele','YOUTH_LEADER','L',70,NULL),(212,'Allergie: Penicillin','1981-11-20','ltkADGx4','VEGETARIAN','Hügel','Sabrina','YOUTH_LEADER','X3L',48,NULL),(213,'','2011-01-25','PrHoq68y','MEAT','Hügel','Kilian','YOUTH','S164',48,NULL),(214,'','2008-04-15','R3RG3UVl','VEGETARIAN','Hügel','Marvin','YOUTH','L',48,NULL),(215,'','2003-12-10','z9q1OKEm','MEAT','Brettschneider','Jan','YOUTH_LEADER','XXL',48,NULL),(216,'','2007-12-09','qT0GChGO','MEAT','Marinkovic ','Niko','YOUTH','XXL',48,NULL),(217,'','2005-09-19','rj6SZh6u','MEAT','Rieser','Niklas','YOUTH','M',48,NULL),(218,'','2001-11-05','RZ2I2CGC','MEAT','Justin','Tubach','YOUTH_LEADER','L',106,NULL),(219,'','2011-08-29','NmqckGd5','VEGETARIAN','Ida','Schott','YOUTH','S',19,NULL),(220,'','2010-11-04','u81jXH8w','MEAT','Mariella','Schlüssel','YOUTH','S',19,NULL),(221,'','2011-10-01','7lqnugVw','MEAT','Lia','Tobler','YOUTH','S',19,NULL),(222,'','2013-05-29','6FqjuVZO','MEAT','Luca','Schmidt','YOUTH','S140152',19,NULL),(223,'','2001-12-16','oj72oyoU','MEAT','Hanna','Pröll','YOUTH_LEADER','L',19,NULL),(224,'','2001-12-09','5xhFg7ya','MEAT','Luca','Schneider','YOUTH_LEADER','L',19,NULL),(225,'','2001-09-16','B3Ms4Da0','MEAT','Alexander','Bornhäußer','YOUTH_LEADER','L',19,NULL),(226,'','2001-10-25','Hh2Timwu','MEAT','Lena','Bischoff','YOUTH_LEADER','L',19,NULL),(227,'Mittwoch,Feitag abwesend','2002-03-23','n6mnci0f','MEAT','Fabian','Zengerle','YOUTH_LEADER','XL',119,NULL),(228,'','2000-07-02','0MNGutG7','MEAT','Michelle','Szekulla','YOUTH_LEADER','L',119,NULL),(229,'','2008-02-25','1xkmY3EW','MEAT','Tobias','Woitzik','YOUTH','M',119,NULL),(230,'','2011-06-17','azwMNN2i','MEAT','Thilo','Schwabenland','YOUTH','S164',32,NULL),(231,'','2009-05-09','jv2r6ffj','MEAT','Erik','Schwabenland','YOUTH','S164',32,NULL),(232,'','2013-11-17','14MfCj2Y','MEAT','Berenike','Mau','YOUTH','S140152',32,NULL),(233,'','2011-08-05','RldU9sHr','MEAT','Bernadette','Mau','YOUTH','M',32,NULL),(234,'','2009-12-13','urPQ84XW','MEAT','Jannik','Zirner','YOUTH','S164',32,NULL),(235,'','2008-01-28','BJMFgc9Q','VEGETARIAN','Alina','Lühr','YOUTH','L',32,NULL),(236,'','2012-09-16','3Q4raQqV','MEAT','Tobias','Wolf','YOUTH','XL',32,NULL),(237,'','2010-04-04','sT817J3x','MEAT','Leo','Kalchschmidt','YOUTH','M',32,NULL),(238,'','2006-04-27','VvG2u66D','MEAT','Jonas','Schreibmeier','YOUTH','M',32,NULL),(239,'Z-KID Steven Handy','2016-12-15','Fm9gl68t','MEAT','Josephine','Handy','YOUTH','S',11,NULL),(240,'','2014-03-19','a6bCfTIt','MEAT','Leandra','Lühr','YOUTH','S140152',32,NULL),(241,'','2006-05-02','qYFj97rX','MEAT','Leon','Lühr','YOUTH','L',32,NULL),(242,'Z-KID Steven Handy (98/104)','2021-08-24','i8qnp3H9','MEAT','Finn','Handy','YOUTH','S104110',11,NULL),(243,'','2009-11-30','SgWAf6Wz','MEAT','Simon','Lühr','YOUTH','M',32,NULL),(244,'','2014-03-10','n2E1XHgd','MEAT','Annika','Schwaninger','YOUTH','S140152',32,NULL),(245,'','2009-10-27','y6FSfX8D','MEAT','Ronja','Germeshausen','YOUTH','S',32,NULL),(246,'','2013-04-05','fTARPJe1','MEAT','Julias','Wallburg','YOUTH','S140152',32,NULL),(247,'','2014-01-23','OJqhcln5','MEAT','Lia','Fritz','YOUTH','S140152',32,NULL),(248,'','2014-09-28','HF67yOZN','MEAT','Elisa','Stober','YOUTH','S140152',32,NULL),(249,'','2007-08-12','atr9z9G1','MEAT','Julian','Daub','YOUTH','L',33,NULL),(250,'','2005-12-05','hTUdAe3X','MEAT','Max','Erndwein','YOUTH','XL',33,NULL),(251,'','2013-01-21','3D9bPCVK','MEAT','Lea','Förderer','YOUTH','S164',33,NULL),(252,'','2015-08-14','a1I7GGTe','MEAT','Luca','Förderer','YOUTH','S140152',33,NULL),(253,'','2009-08-31','eQrSHAn1','MEAT','Yann','Garnatz','YOUTH','S',33,NULL),(254,'','2012-04-10','e51pCsSn','VEGETARIAN','Mia','Garnatz','YOUTH','S164',33,NULL),(255,'','2012-03-08','pAVHv46l','MEAT','Jakob','Hansen','YOUTH','S164',33,NULL),(256,'','2015-01-29','yKRQu87E','MEAT','Anna','Hansen','YOUTH','S140152',33,NULL),(257,'keine Nüsse, Kernobst\n','2013-05-16','bNMp1THB','SPECIAL','Emilia','Heil','YOUTH','S140152',33,NULL),(258,'','2015-09-09','H4Viq8ug','MEAT','Leon','Heil','YOUTH','S116128',33,NULL),(259,'','2012-01-02','GXUaosQ6','MEAT','Max','Meinzer','YOUTH','S164',33,NULL),(260,'Laktosefrei','2013-07-16','eS1MqmWa','SPECIAL','Annabelle','Paulick','YOUTH','S164',33,NULL),(261,'','2010-05-28','XX1K6zva','MEAT','Tom','Pommering','YOUTH','S',33,NULL),(262,'','2014-03-05','51zq51G6','MEAT','Jannis','Roth','YOUTH','S140152',33,NULL),(263,'','2007-09-03','Tl5nfq9E','MEAT','Pascal','Ruppaner','YOUTH','XL',33,NULL),(264,'','2010-06-03','Ebnff523','MEAT','Sebastian','Ruppaner','YOUTH','L',33,NULL),(265,'','2012-11-22','IJ68W3hG','MEAT','Lennart','Seith','YOUTH','S164',33,NULL),(266,'','2015-11-15','OZDd2chE','MEAT','Finn','Seith','YOUTH','S140152',33,NULL),(267,'kein Apfel','2006-02-13','5tO6duWQ','MEAT','Prisca','Walter','YOUTH','M',33,NULL),(268,'Fehlt Ausweis','2009-10-08','d9FePgFI','MEAT','Lino','Zimmermann','YOUTH','L',33,NULL),(269,'Fehlt Ausweis','1998-09-20','8vHddO87','MEAT','Jonas','Seitz','YOUTH_LEADER','L',33,NULL),(270,'Fehlt Ausweis','2000-12-19','71SpfbTS','MEAT','Kilian','Nees','YOUTH_LEADER','L',33,NULL),(271,'Fehlt Ausweis','1982-07-28','Mw0yn731','MEAT','Marco','Förderer','YOUTH_LEADER','XL',33,NULL),(272,'Fehlt Ausweis','1997-04-06','wFR395lC','MEAT','Marius','Rosanowitsch','YOUTH_LEADER','X4L',33,NULL),(273,'','2001-02-24','ryKfN3w3','MEAT','Jana','Meyer','YOUTH_LEADER','M',33,NULL),(274,'','1998-01-28','0fg9oD75','MEAT','Svenja','Meyer','YOUTH_LEADER','M',33,NULL),(275,'\n','2003-06-17','8B8oI23V','MEAT','Jendrik','Seitz','YOUTH_LEADER','M',33,NULL),(276,'','2003-02-03','6KCP0MJc','MEAT','Josua','Albrecht','YOUTH_LEADER','M',33,NULL),(277,'','1978-12-02','jSFk2iyO','MEAT','Patrick','Ruppaner','YOUTH_LEADER','XL',33,NULL),(278,'','2009-10-08','4R7CZrkd','MEAT','Marlon','Teifel','YOUTH','S140152',33,NULL),(279,'','2009-01-23','EOQ84jZ1','VEGETARIAN','Tim','Barthelmes','YOUTH','S164',121,NULL),(280,'','2007-07-22','Qyu9yjwp','MEAT','Jonas','Niemann','YOUTH','S',121,NULL),(281,'','2009-06-02','0yCnbJ3M','MEAT','Denny','Pfeil','YOUTH','M',121,NULL),(282,'','2008-09-21','Bz0lZSu4','MEAT','Leni','Prosser','YOUTH','S',121,NULL),(289,'','2012-11-15','g8AIj0X4','VEGETARIAN','Max ','Ege','YOUTH','S140152',121,NULL),(290,'','2016-07-19','2bLj4Pxn','MEAT','Marie','Ege','YOUTH','S116128',121,NULL),(295,'','2009-02-09','oO8La1Ce','MEAT','Leander','Schreiner','YOUTH','L',121,NULL),(297,'','2009-09-03','P1EZgoq5','MEAT','Lucia','Sailer','YOUTH','M',121,NULL),(298,'','2008-07-14','mKN3A2dQ','MEAT','Helena','Sailer','YOUTH','M',121,NULL),(299,'','1972-08-05','zg7UmVaC','MEAT','Guido','Lölfing','YOUTH_LEADER','X3L',121,NULL),(300,'','1995-01-06','2FrT9E9D','MEAT','Sven','Daub','YOUTH_LEADER','XXL',121,NULL),(301,'','1998-01-28','By10Vp4g','MEAT','Marvin ','Hilpp','YOUTH_LEADER','XXL',121,NULL),(302,'','1982-08-01','n735uLHo','MEAT','Maik ','Ege','YOUTH_LEADER','XL',121,NULL),(303,'','1983-05-13','i6vp3PjB','MEAT','Melanie','Ege','YOUTH_LEADER','L',121,NULL),(304,'','1999-10-30','rsb1kb25','MEAT','Jasmin','Kanjuh','YOUTH_LEADER','M',121,NULL),(305,'','2009-06-27','nAj6gF84','MEAT','Sönke','Nickel','YOUTH','S140152',32,NULL),(306,'','2011-09-02','w4KQYVOE','MEAT','Nicole','Sauter','YOUTH','S164',19,NULL),(307,'','2012-09-23','5Jgn9VZk','MEAT','Celina','Kemmel','YOUTH','S140152',19,NULL),(308,'','2010-06-29','TlSPFg6W','MEAT','Luana','Nogara','YOUTH','S164',19,NULL),(309,'','2010-09-26','Jq7Nzcv0','MEAT','Samuel','Hahn','YOUTH','S140152',106,NULL),(310,'','2008-01-05','ttrbQa4F','MEAT','Jason ','Reither','YOUTH','L',106,NULL),(311,'','2011-02-04','88aiPR3K','MEAT','Nils','Wenzke','YOUTH','M',106,NULL),(313,'','2001-10-22','MwO7uhPe','MEAT','Ken ','Pfefferle','YOUTH_LEADER','L',106,NULL),(314,'','2015-11-13','f2Llsrh3','MEAT','Leonie','Nagel','YOUTH','S164',33,NULL),(315,'Abt. Pfaffenrot','2000-04-12','PCWw8ZWr','MEAT','Adrian','Haunschild','YOUTH_LEADER','M',77,NULL),(316,'','2012-09-28','5LkmoRG2','MEAT','Finn','Krepp','YOUTH','S',106,NULL),(317,'','1990-04-09','ME11hQdK','MEAT','Fabian','Seitz','YOUTH_LEADER','L',102,NULL),(318,'','1983-08-13','4Ro9G7Ee','MEAT','Michael','Pfattheicher','YOUTH_LEADER','S',102,NULL),(319,'','1991-02-14','PagOs4a6','MEAT','Niels','Hartmann','YOUTH_LEADER','M',102,NULL),(320,'','2002-10-30','iVmb1bgR','MEAT','Patricia','Hoffmann','YOUTH_LEADER','M',102,NULL),(321,'','2003-05-30','lG9tl86S','MEAT','Lena','Dietrich','YOUTH_LEADER','M',102,NULL),(323,'','1994-10-04','ySkKJTS3','MEAT','Benjamin','Schmidt','YOUTH_LEADER','XL',100,NULL),(324,'','2012-08-24','Zy25NBr5','MEAT','Oliver','Bendig','YOUTH','S140152',106,NULL),(326,'','2008-12-11','HgNO8NKd','MEAT','Fabian','Cwielong','YOUTH','L',102,NULL),(327,'','2014-04-04','1mdKBixS','MEAT','Niclas','Bendig','YOUTH','S140152',106,NULL),(328,'','2011-02-04','3QclG3Et','MEAT','Johann','Skiba','YOUTH','S',102,NULL),(329,'','2007-12-26','7MbsGxVX','VEGETARIAN','Mirai','Hochdörffer','YOUTH','M',102,NULL),(330,'','2011-04-07','9GN512S5','MEAT','Dion','Merbeth','YOUTH','M',102,NULL),(331,'','2008-03-14','szdDUo18','MEAT','Simon','Zacharias','YOUTH','S',102,NULL),(332,'','2011-05-19','MSVK13A8','MEAT','Nikolay','Schlimm','YOUTH','S164',102,NULL),(333,'','2007-08-27','Df6h0cce','MEAT','Samuel','Walschburger','YOUTH','XL',102,NULL),(334,'','2011-09-28','uozh7t0J','MEAT','Samuel','Gent','YOUTH','S164',102,NULL),(335,'','2007-10-27','29dsBW0R','MEAT','Jan','Kiaupiat','YOUTH','S',102,NULL),(336,'','2008-08-19','dX9JMXi3','MEAT','Maria','Krauß','YOUTH','S',102,NULL),(337,'','2007-12-17','FU8gI0jx','MEAT','Luca-Leon','Kiefer','YOUTH','M',102,NULL),(338,'','1996-09-22','Ui1GLpMR','MEAT','Luca','Seidel','YOUTH_LEADER','M',102,NULL),(339,'','2007-09-04','14dfYxeD','MEAT','Dominik','Bickel','YOUTH','M',89,NULL),(340,'','2006-09-14','2zGJX7MC','MEAT','Marcel','Daum','YOUTH','L',89,NULL),(341,'','2012-11-23','z7SG3hwT','MEAT','Tim','Jochem','YOUTH','S164',89,NULL),(342,'','2007-02-24','ssmx4FGT','MEAT','Evelyn','Lutz','YOUTH','M',89,NULL),(343,'','2006-11-20','XApnCcn2','MEAT','Niclas','Noe','YOUTH','XL',89,NULL),(344,'','2011-06-15','GwXXnpy0','MEAT','Vincent','Oertel','YOUTH','S164',89,NULL),(345,'','2011-04-19','n9metJxZ','MEAT','Mike','Rusch','YOUTH','XL',89,NULL),(346,'','2007-08-12','ei2Dijq8','MEAT','Nicolas','Wagner','YOUTH','XL',89,NULL),(347,'Fehlt Ausweis','2012-07-04','jzqNKJH7','MEAT','Arthur','Zirzow','YOUTH','S164',89,NULL),(348,'Fehlt Ausweis','2007-09-12','11SxU33f','MEAT','Ben','Zivoli','YOUTH','X3L',89,NULL),(349,'Fehlt Ausweis','1991-06-10','g95kOM37','MEAT','Andreas','Andl','YOUTH_LEADER','XL',89,NULL),(350,'Fehlt Ausweis','1986-02-08','9SG3xrXi','MEAT','Nadine','Allion','YOUTH_LEADER','S',89,NULL),(351,'Bleibt bis FR, Fehlt Ausweis','2004-06-07','Gc5hinqK','MEAT','Niklas','Jochem','YOUTH_LEADER','M',89,NULL),(353,'','1994-06-19','2n6uNYWF','MEAT','Christoph','Hörth','YOUTH_LEADER','XL',89,NULL),(354,'','1995-04-21','oVxSNTo8','MEAT','Philipp','Müller','YOUTH_LEADER','X3L',89,NULL),(355,'Kommt erst DO','1985-10-11','uvAck6Ux','MEAT','Oliver','Hufnagel','YOUTH_LEADER','XXL',89,NULL),(356,'','2011-11-12','Jt6Vv4dj','MEAT','Noel','Berggötz','YOUTH','S140152',89,NULL),(357,'','2010-06-14','LsEWK1ny','MEAT','Stefan','Elsäßer','YOUTH','S164',89,NULL),(358,'','2013-12-04','3Pqse3pA','MEAT','Manuel','Gottstein','YOUTH','S164',89,NULL),(359,'','2010-06-29','KU1omNl3','MEAT','Zoe','Hahn','YOUTH','S164',89,NULL),(360,'','2008-06-28','T2yPgin3','MEAT','Julius','Kiefer','YOUTH','S',89,NULL),(361,'','2012-11-23','7AHfaQ2J','MEAT','Lea','Kühn','YOUTH','S140152',89,NULL),(362,'','2008-04-10','OUWjB5R6','MEAT','David','Mall','YOUTH','L',89,NULL),(363,'','2010-06-21','BUkq4eTH','VEGETARIAN','Ida','Ringelschwendner','YOUTH','S164',89,NULL),(364,'','2008-12-02','MigIS4XT','MEAT','Emma-Louise','Röwer','YOUTH','XL',89,NULL),(365,'','2012-04-01','5yKweBFk','MEAT','Leah-Sophie','Schönecker','YOUTH','S',89,NULL),(366,'','2012-11-25','f7ikE1IP','MEAT','Jule','Zaehle','YOUTH','S164',89,NULL),(367,'','1998-01-15','0FaP8C1d','MEAT','Ruben','Popp','YOUTH_LEADER','L',89,NULL),(369,'','2001-12-20','00pehEGC','MEAT','Nils','Scheeder','YOUTH_LEADER','XL',89,NULL),(370,'Nur Tagsüber da','1981-08-08','jy5c0vuV','MEAT','Patrick','Kühn','YOUTH_LEADER','XL',89,NULL),(371,'','1981-03-25','6oj4Wv1q','MEAT','Sebastian','Zaehle','YOUTH_LEADER','XXL',89,NULL),(374,'','1972-08-04','cZ2PSRPo','MEAT','Alexander','Werner','YOUTH_LEADER','XXL',89,NULL),(376,'','2010-08-19','8bgFnbv6','MEAT','Niclas','Eisenmann','YOUTH','M',89,NULL),(377,'','2010-12-03','Fw0d2I6H','VEGETARIAN','Celina','Seyffarth','YOUTH','S',89,NULL),(378,'','2012-08-17','JyWk4p1f','MEAT','Simon','Farr','YOUTH','S164',89,NULL),(379,'','2013-05-30','YpGBjd5I','MEAT','Jonas','Czuberny','YOUTH','S116128',89,NULL),(383,'','1968-02-17','2wmmDy5F','MEAT','Marliese','Dörfler','YOUTH_LEADER','M',89,NULL),(384,'','2000-10-20','QYU8gj1k','MEAT','Carolin','Zanon','YOUTH_LEADER','S',89,NULL),(385,'Nur DO,SA,So da','1998-07-09','6d164HFM','VEGETARIAN','Christina','Mühlböck','YOUTH_LEADER','XL',89,NULL),(386,'','2008-04-06','0ugZ48Jc','MEAT','Arne','Hurst','YOUTH','S',89,NULL),(387,'','2012-08-28','MF3gsPxJ','MEAT','Maximilian','Karnasevych','YOUTH','S',89,NULL),(388,'','2006-08-28','PpmHqnf1','MEAT','Sofia','Wippert','YOUTH','S',89,NULL),(389,'','2006-12-11','Q7WP9XOt','MEAT','Sophia','Künstler','YOUTH','M',89,NULL),(390,'Fehlt Ausweis','2008-01-22','7L0Nb3DK','MEAT','Jan','Unger','YOUTH','L',89,NULL),(391,'Laktoseintolleranz,Fehlt Ausweis','2006-04-13','g4xZiLiO','MEAT','Erik','Engel','YOUTH','L',89,NULL),(392,'Fehlt Ausweis','2008-06-11','Csk1Rxxg','MEAT','Mathis','Engel','YOUTH','XL',89,NULL),(393,'Fehlt Ausweis','2011-05-11','K4VFoGPn','MEAT','Malte','Sand','YOUTH','S',89,NULL),(394,'Fehlt Ausweis','2009-03-11','puI16R38','MEAT','Lukas','Geßler','YOUTH','L',89,NULL),(395,'','2001-06-03','w8VYovqT','MEAT','Marcel','Weingärtner','YOUTH_LEADER','L',89,NULL),(396,'','1995-02-05','F3GLMt79','MEAT','Daniel','Gessler','YOUTH_LEADER','L',89,NULL),(397,'Fehlt Ausweis','1994-02-17','2A2EXiNo','MEAT','Melanie','Becker','YOUTH_LEADER','M',89,NULL),(398,'','1996-07-17','7rQOw8JT','MEAT','Anna','Becker','YOUTH_LEADER','L',89,NULL),(401,'Abt. Pfaffenrot','2011-04-30','6ZNiuCFF','MEAT','Luca','Dellwing','YOUTH','S164',77,NULL),(402,'Abt. Pfaffenrot','2008-07-09','Zoqpm2x5','MEAT','Luca ','Fischer','YOUTH','L',77,NULL),(403,'Abt. Pfaffenrot','2012-02-09','FKeGmh91','MEAT','Lion ','Fischer','YOUTH','S140152',77,NULL),(404,'Abt. Pfaffenrot, Laktoseintoleranz, Heuschnupfen','2007-12-14','9AESjbZn','MEAT','Niklas','Schmiedel','YOUTH','M',77,NULL),(405,'Abt. Pfaffenrot','2013-09-04','VPsTJXq9','MEAT','Leo','Gratzmann','YOUTH','S',77,NULL),(406,'','2010-12-21','TGzO0WgZ','MEAT','Josip','Radojcic','YOUTH','M',19,NULL),(407,'Fehlt Ausweis','2008-07-04','WWNM61iH','MEAT','Ante','Tabak','YOUTH','S',19,NULL),(408,'','2006-01-01','1x4smYJD','MEAT','Timon','Haas','YOUTH','M',19,NULL),(409,'Fehlt Ausweis','2005-12-26','d639jcO6','MEAT','Veit','Foos','YOUTH','L',19,NULL),(410,'Fehlt Ausweis','2008-09-25','b0aXyCm7','MEAT','Marvin','Zickwolf','YOUTH','S164',19,NULL),(411,'Fehlt Ausweis','2011-10-18','ui2LR6k8','MEAT','Ilaria','Nocera','YOUTH','S140152',19,NULL),(412,'','2009-09-18','sgAphbK6','MEAT','Jonas ','Magenreuther ','YOUTH','M',37,NULL),(413,'','2000-06-05','pPw3IV1m','VEGETARIAN','Simon','Gentner','YOUTH_LEADER','M',100,NULL),(414,'','2009-12-12','7YCKyoCB','MEAT','Leon','Gericke','YOUTH','M',100,NULL),(415,'','1998-09-04','dfb4c3Yx','MEAT','Jonas','Bogenschütz','YOUTH_LEADER','M',100,NULL),(416,'','2012-09-20','qRH6pyoD','MEAT','Jakob','Rinderle','YOUTH','S140152',100,NULL),(417,'','2011-10-04','25aLfoFY','MEAT','Patricia','Nagel','YOUTH','S',100,NULL),(418,'','2006-09-10','dqYWo2It','MEAT','Tobias','Nagel','YOUTH','L',100,NULL),(419,'','1972-02-02','Hwgze0in','MEAT','Lars','Gericke','YOUTH_LEADER','XXL',100,NULL),(420,'','2007-09-18','Mes0eE7f','MEAT','Fabian','Langlotz','YOUTH','M',100,NULL),(421,'','2008-09-16','og7FOSuN','MEAT','Julian','Cichon','YOUTH','S',74,NULL),(422,'','2006-08-03','Qt69OS1c','MEAT','Johanna','Seifer','YOUTH','S',74,NULL),(423,'','2013-09-28','3fLXVcq2','MEAT','Ludwig','Grimmer','YOUTH','S140152',74,NULL),(424,'','2013-03-31','XIxM7p4B','MEAT','Felix','Melischko','YOUTH','S140152',74,NULL),(425,'','2014-12-03','QH04496j','MEAT','Darian','Lang','YOUTH','S140152',74,NULL),(426,'','1984-06-15','NONjm2Jm','MEAT','Toni','Meißner','YOUTH_LEADER','XL',74,NULL),(427,'','1997-05-26','8SAUPQnT','MEAT','Jens','Bergmann','YOUTH_LEADER','L',74,NULL),(428,'Abt. Pfaffenrot ','2013-05-28','5NbZkTGV','MEAT','Len','Obreiter','YOUTH','S164',77,NULL),(429,'Abt. Pfaffenrot ','2013-12-30','A9FT029a','MEAT','Erik','Dam','YOUTH','S140152',77,NULL),(431,'','2013-04-27','63qFMkzN','MEAT','Ascanio','Sanzone','YOUTH','S164',38,NULL),(432,'','2015-07-14','b7qfy4KK','MEAT','David','Murawski','YOUTH','S140152',38,NULL),(433,'Keine Erbsen','2011-05-15','7wyJZf07','MEAT','Finn ','Burgey','YOUTH','S',38,NULL),(434,'','2013-09-27','v0QIcx2R','MEAT','Florian','Pados','YOUTH','S140152',38,NULL),(435,'','2011-01-02','T4TcEAhs','MEAT','Gianluca','Scarpinata','YOUTH','S',38,NULL),(436,'','2013-12-31','p5UCBXO6','MEAT','Giuliano','Scarpinata','YOUTH','S140152',38,NULL),(437,'','2013-06-24','v5nhUJ7V','MEAT','Luca','Speck','YOUTH','S140152',38,NULL),(438,'','2009-07-24','T3nS1JCr','MEAT','Lukas','Bruker','YOUTH','S164',38,NULL),(439,'','2011-01-28','0rCbcfc2','MEAT','Markus','Reimann','YOUTH','S164',38,NULL),(440,'','2011-04-07','FgX2LYvt','MEAT','Maximilian','Pados','YOUTH','M',38,NULL),(441,'','2007-06-21','X1M9L73H','MEAT','Sarah','Reimann','YOUTH','S164',38,NULL),(442,'','2012-02-15','lVq4Y4YA','MEAT','Soraya','Herzog','YOUTH','S',38,NULL),(443,'','1966-04-14','5ioOZsqe','MEAT','Stefan','Wild','YOUTH_LEADER','XL',38,NULL),(444,'','1982-05-04','IYrO8F4o','MEAT','Daniel','Speck','YOUTH_LEADER','XL',38,NULL),(445,'','1972-02-13','mN7MEOx6','MEAT','Alexander','Murawski','YOUTH_LEADER','XXL',38,NULL),(446,'','2009-10-26','1Gb5AAVS','MEAT','Kriss','Graubergs','YOUTH','L',38,NULL),(447,'','2015-03-10','3qU2ptxh','MEAT','Simon','Dworsky','YOUTH','S140152',38,NULL),(448,'','2014-09-29','0GL7gsF7','MEAT','Maxim','Brandl','YOUTH','S140152',38,NULL),(449,'','1983-04-30','lopIE46h','VEGETARIAN','Sabine ','Fischer','YOUTH_LEADER','S',38,NULL),(450,'','1996-06-07','DO1ns1iT','MEAT','Tim','Bartelmus','YOUTH_LEADER','L',38,NULL),(451,'','1995-03-30','8eVHqKVM','MEAT','Timo','Lischker','YOUTH_LEADER','L',38,NULL),(452,'','2002-02-04','dHOkkK4x','MEAT','Lars','Penndorf','YOUTH_LEADER','L',19,NULL),(453,'','2010-07-17','ZSafZi4x','MEAT','Christian ','Eggers','YOUTH','S',106,NULL),(454,'','2003-04-04','42AfVhdj','MEAT','Kai','Mühlberger','YOUTH_LEADER','L',106,NULL),(455,'','1987-08-28','x39H5tYs','MEAT','Martin','Müller','YOUTH_LEADER','L',74,NULL),(456,'','2006-10-26','4fX8HtUh','MEAT','Patrick','Fischer','YOUTH','XL',106,NULL),(457,'','1985-12-22','5PrIUJzb','MEAT','André','Bauer','YOUTH_LEADER','X3L',106,NULL),(458,'','2006-11-19','ons4TLcW','MEAT','Arthur','Kieser','YOUTH','XXL',100,NULL),(459,'','1989-02-10','T00gXY2Y','MEAT','Martina','Barth','YOUTH_LEADER','XXL',100,NULL),(460,'','2006-09-30','BfACk2Bx','MEAT','Simon','Wüst','YOUTH','XL',99,NULL),(461,'','2009-06-15','oiJM61s6','MEAT','Toni','Wüst','YOUTH','L',99,NULL),(462,'','2006-11-28','dpQVqO1O','MEAT','Theo','Neu','YOUTH','L',99,NULL),(463,'','2013-08-28','hdN09X9M','MEAT','Felix','Unser','YOUTH','S',99,NULL),(464,'','2014-03-12','r8NH0wuk','MEAT','Pascual','Munoz','YOUTH','S',99,NULL),(465,'','2011-02-25','E0uc3vmU','MEAT','Jonas','Hirsch','YOUTH','M',99,NULL),(466,'','2014-03-03','5pmETVpv','MEAT','Emilio','Campione','YOUTH','S164',99,NULL),(467,'','2008-03-18','N30eAxoX','MEAT','Alex','Werk','YOUTH','S',99,NULL),(468,'','2008-01-04','v8Evk8bc','MEAT','Lena','Bentzen','YOUTH','S',99,NULL),(469,'','2012-09-25','p9sEWcSr','MEAT','Kimberly','Sarcev','YOUTH','S',99,NULL),(470,'','2010-05-17','mFlX52ta','MEAT','Leonard','Kornmüller','YOUTH','M',99,NULL),(471,'','2007-02-16','5zuw6iEc','MEAT','Jannik','Kornmüller','YOUTH','XL',99,NULL),(472,'','2008-04-13','Gwjnvw1y','MEAT','Hanna','Roller','YOUTH','M',99,NULL),(473,'','2012-04-22','c58Rw277','MEAT','Lea','Scherer','YOUTH','S',99,NULL),(474,'','2012-04-30','Th0PwX33','MEAT','Sophie','Edelmann','YOUTH','S',99,NULL),(475,'','1994-02-21','4HVnSvPb','MEAT','Maurice','Demmer','YOUTH_LEADER','L',99,NULL),(476,'','2013-04-19','EN82EBVT','MEAT','Samuel','Becker','YOUTH','S164',51,NULL),(477,'','2012-02-09','XQrT1ylq','MEAT','Clemens','Fuhr','YOUTH','S164',51,NULL),(478,'','2008-10-18','s1mJr4jy','MEAT','Ida','Mildenberger','YOUTH','M',51,NULL),(479,'','2007-07-30','yD269lLO','MEAT','Daniel','Deutsch','YOUTH','XL',51,NULL),(480,'','2009-11-27','5Aj7fkQu','MEAT','Annalena','Opitz','YOUTH','S164',51,NULL),(481,'','2009-10-17','4pW9P5xe','MEAT','Sixten','Burkhardt','YOUTH','L',51,NULL),(482,'','2010-01-08','28sC1VO5','MEAT','Nils','Mildenberger','YOUTH','M',51,NULL),(483,'','2012-12-20','bVIbhc9u','MEAT','Fabian','Himmelsbacher','YOUTH','S140152',51,NULL),(484,'','2012-03-20','HZ4hPpoE','MEAT','Timo','Roßwag','YOUTH','S164',51,NULL),(485,'','2011-12-03','LKcE3a8g','MEAT','Sebastian','Prosik','YOUTH','S140152',51,NULL),(486,'','2009-08-04','Nti4JN1q','MEAT','Leon','Roßwag','YOUTH','S164',51,NULL),(487,'','2011-05-12','9bZd7pp4','MEAT','Julian ','Heck','YOUTH','L',51,NULL),(488,'','2011-04-24','8MsfeO1o','MEAT','Florian','Fuhr','YOUTH','S164',51,NULL),(489,'','2010-05-11','Rly8F75B','MEAT','Svea','Moran','YOUTH','XXL',51,NULL),(490,'','2007-02-12','wGR5CS7B','MEAT','Sebastian','Opitz','YOUTH','S',51,NULL),(491,'','2007-08-24','uaK3ilpN','MEAT','Franziska','Fuhr','YOUTH','S',51,NULL),(492,'','2012-01-25','45hPq8DA','MEAT','Phillip','Opitz','YOUTH','S140152',51,NULL),(493,'','1991-09-15','fH5YFCrY','MEAT','Dominik','Kies','YOUTH_LEADER','L',51,NULL),(494,'','2003-12-16','6LNZP6HH','MEAT','Nico','Rinninsland','YOUTH_LEADER','XL',51,NULL),(495,'','1991-12-08','W3mP0Icz','VEGETARIAN','Arne','Maier','YOUTH_LEADER','M',51,NULL),(496,'','1999-10-13','bQ7w1cdK','MEAT','Dennis','Rinninsland','YOUTH_LEADER','L',51,NULL),(497,'Laktoseintoleranz','2002-08-16','LUq2QOvh','MEAT','Christoph','Ried','YOUTH_LEADER','L',51,NULL),(498,'Vegan','1994-09-20','oo3J6afG','SPECIAL','Lisa','Maier','YOUTH_LEADER','M',51,NULL),(499,'','2003-12-27','qLZ1k2KN','MEAT','Jonas','Weickenmeier','YOUTH_LEADER','L',51,NULL),(500,'','1991-03-20','K7kQ7DFh','MEAT','Pascal','Fränkle','YOUTH_LEADER','M',51,NULL),(501,'','1999-03-04','e8dv06O9','MEAT','David','Bach','YOUTH_LEADER','L',51,NULL),(502,'','1998-03-02','3rg9fn3T','MEAT','Felix','Stolze','YOUTH_LEADER','X5L',51,NULL),(503,'','2005-02-03','XEy1mbDj','MEAT','Justine','Schultz','YOUTH_LEADER','M',51,NULL),(504,'','2012-03-06','1mZ6jsu0','MEAT','Lili','Wrazidlo','YOUTH','S164',51,NULL),(505,'','2001-05-28','3QfrHuHm','MEAT','Maiken','Harlacher','YOUTH_LEADER','M',51,NULL),(506,'','2010-09-17','wQQJD9J4','MEAT','Nico','Wradzilo','YOUTH','S140152',51,NULL),(507,'','1986-04-15','2cW2owcJ','MEAT','Timo ','Postweiler','YOUTH_LEADER','X3L',109,NULL),(508,'Abt. Pfaffenrot ','2010-01-05','3FSLbuC6','MEAT','Zuzanna','Papp ','YOUTH','L',77,NULL),(509,'Abt. Burbach, Betreuer','2003-10-30','Wg7ro10Z','MEAT','Jonas','Bauer','YOUTH_LEADER','M',77,NULL),(510,'Abt. Burbach, stellv. Abteilungsjugendleiter','2000-12-12','u01XbzZA','MEAT','Lukas','Kunz','YOUTH_LEADER','L',77,NULL),(511,'Abt. Burbach ','2009-01-24','p6Zhtx9h','MEAT','Shelby ','Reinhard','YOUTH','L',77,NULL),(512,'','2012-05-02','7Yn0l55R','MEAT','Eva','Blaszczyk','YOUTH','S164',50,NULL),(513,'Abt. Burbach ','2006-06-07','10qboynT','MEAT','Viviann','Reinhard','YOUTH','XL',77,NULL),(514,'','2010-02-27','SZCojEQ6','MEAT','Patryk','Blaszczyk','YOUTH','M',50,NULL),(515,'','2013-02-06','2xceddBG','MEAT','Elias','Gamradt','YOUTH','M',50,NULL),(516,'','2011-09-06','AQl0K792','MEAT','Julian','Imgrund','YOUTH','S164',50,NULL),(517,'','2011-09-26','uXDl4z8X','MEAT','Fynn-Luca','Schlegel','YOUTH','S140152',87,NULL),(518,'','2013-09-02','HF1aiRBW','MEAT','Luca','Krämer','YOUTH','S164',50,NULL),(519,'Abt. Burbach ','2012-10-04','dj69aGtL','MEAT','Andriy ','Kunz','YOUTH','S140152',77,NULL),(520,'','2013-06-16','3F0pJAjl','MEAT','Adriano','Kreischer','YOUTH','S',50,NULL),(521,'','2006-10-03','WVnPP6Y5','MEAT','Selina','Schlegel','YOUTH','S',87,NULL),(522,'','2011-12-20','vnkDtE7x','MEAT','Julian','Krempel','YOUTH','S',50,NULL),(523,'Abt. Burbach ','2011-05-19','huDARVc9','MEAT','Laurent','Bechler','YOUTH','M',77,NULL),(524,'','2012-09-26','126xFxbw','MEAT','Florian','Laub','YOUTH','S',50,NULL),(525,'Abt. Burbach ','2008-09-29','Cmf5HfFg','MEAT','Bennett','Bechler','YOUTH','L',77,NULL),(526,'','2011-02-14','zQi2ZBZp','MEAT','Phillipp','Donner','YOUTH','S164',87,NULL),(527,'','2013-10-04','Xp9e0itm','MEAT','Noah','Liebscher','YOUTH','S140152',50,NULL),(528,'Abt. Burbach ','2010-04-13','bGdmam8k','MEAT','Kiara','Freund','YOUTH','XL',77,NULL),(529,'','2011-11-28','Rq7f1k4t','MEAT','Lennart','Moritz','YOUTH','S164',50,NULL),(530,'','2010-07-24','P8BVo29Q','MEAT','Marcel','Teis','YOUTH','M',87,NULL),(531,'','2006-02-20','EBSk9m6O','MEAT','Manuel','Schreiner','YOUTH','XL',50,NULL),(532,'','2008-09-03','i4nCR2Ab','MEAT','Bastian','Bordt','YOUTH','L',87,NULL),(533,'','2013-06-19','D3nigyqn','MEAT','Niko','Stoll','YOUTH','S140152',50,NULL),(534,'','2000-08-17','PO8mDqDY','MEAT','Dorothee','Acker','YOUTH_LEADER','S',50,NULL),(535,'','2009-11-21','QwkBrR2G','MEAT','Steve','Förster','YOUTH','S',87,NULL),(537,'','1982-07-26','05q8mwBX','MEAT','Reiner ','Krempel','YOUTH_LEADER','L',50,NULL),(538,'','2000-05-07','qp9NsmB2','MEAT','Jannis','Pfahler','YOUTH_LEADER','XL',50,NULL),(539,'','2009-07-18','T2bp0etE','MEAT','Paulina','Koczy','YOUTH','S140152',87,NULL),(540,'','2000-08-30','8y66ROq1','MEAT','Björn-Domenik','Riedelbauch','YOUTH_LEADER','L',50,NULL),(541,'','2005-02-17','Ry8ghoQk','MEAT','Fabian','Scheuermann','YOUTH_LEADER','M',50,NULL),(542,'','1998-02-22','1T436xYR','MEAT','Sebastian','Schwegler','YOUTH_LEADER','M',50,NULL),(543,'','2006-12-10','FED1Tlpv','MEAT','Lars','Greulich','YOUTH','XL',87,NULL),(544,'','2010-12-29','QV6BGCAv','MEAT','Nils','Greulich','YOUTH','M',87,NULL),(545,'','2012-08-05','mxCkwD2G','MEAT','Felicitas','Mirgeler','YOUTH','S140152',87,NULL),(546,'','2009-09-23','t6XpoFss','MEAT','Kjell-Ragnar','Mirgeler','YOUTH','M',87,NULL),(547,'','2010-03-30','rpluydL6','MEAT','Adrian','Knopf','YOUTH','XL',87,NULL),(548,'','2011-05-24','ubMf4cGb','MEAT','Leon','Benz','YOUTH','S140152',87,NULL),(549,'','2013-04-29','18zCyIYZ','MEAT','Valerie','Walter','YOUTH','S140152',87,NULL),(550,'','2007-02-26','xoDFm86q','MEAT','Marco','Kirchner','YOUTH','L',87,NULL),(551,'','2012-01-16','R7JCUzQB','MEAT','Lukas','Ament','YOUTH','S140152',87,NULL),(552,'','2011-11-02','Q4PFa9Y3','MEAT','Elias','Heib','YOUTH','S140152',87,NULL),(553,'','2008-10-29','sR3d9sFp','MEAT','Nico','Heilig','YOUTH','S140152',87,NULL),(554,'','2008-10-29','oTSI7q2s','MEAT','Miguelle','Heilig','YOUTH','S140152',87,NULL),(555,'','2011-10-06','QhTmIRV3','MEAT','Finn','Kefer','YOUTH','S164',87,NULL),(556,'','1985-01-02','C17JISCD','MEAT','Jean-Claude','Heib','YOUTH_LEADER','L',87,NULL),(557,'','1986-06-09','Hq045whP','VEGETARIAN','Sarah','Greulich','YOUTH_LEADER','M',87,NULL),(558,'','1989-09-09','HnG4mA4a','MEAT','Alexander','Kopisch','YOUTH_LEADER','L',87,NULL),(559,'','2001-06-16','Rp8QgTg1','MEAT','Dipansu','Singh Daduke','YOUTH_LEADER','L',87,NULL),(560,'','1998-09-17','HjRc3l5W','MEAT','Stefanie','Förster','YOUTH_LEADER','M',87,NULL),(561,'','1998-08-16','eYX0mTFI','MEAT','Dominik','Wies','YOUTH_LEADER','M',87,NULL),(562,'','1998-09-03','aiCHT0tH','MEAT','Jessica','Dewald','YOUTH_LEADER','L',87,NULL),(563,'','2001-10-08','9UYQXTe9','MEAT','Tobias','Hain','YOUTH_LEADER','L',87,NULL),(564,'','2004-03-10','LKY6SFMZ','MEAT','Julian','Böser','YOUTH_LEADER','M',87,NULL),(565,'','2005-08-27','4yiDc5PH','MEAT','Jonas','Scheible','YOUTH','M',100,NULL),(566,'','2008-10-07','MWfY018j','MEAT','Al\'Dino','Sehic','YOUTH','S',100,NULL),(567,'','2006-09-20','1bIBzS6F','MEAT','Julian','Schorpp','YOUTH','L',100,NULL),(568,'','2012-04-08','X2Fw5oBM','MEAT','Jaron','Speck','YOUTH','S',100,NULL),(569,'','2007-05-06','S1ne4U6H','MEAT','Niklas','Feldmeth','YOUTH','M',100,NULL),(570,'','2005-03-22','tC6WYT6x','MEAT','Benjamin','Langlotz','YOUTH','L',100,NULL),(571,'','2012-09-26','wLri3DJ3','MEAT','Ilias','Maschtaler','YOUTH','S140152',70,NULL),(572,'','2010-02-11','Ef1K5BFg','MEAT','Noah','Birkefeld','YOUTH','S164',70,NULL),(573,'','2011-07-11','gM07T2Vt','MEAT','Jannis','Lechleiter','YOUTH','S',100,NULL),(574,'','1994-11-29','G5vvB4iY','MEAT','Philippe','Illinger','YOUTH_LEADER','L',100,NULL),(575,'','1997-01-05','M60lkqUu','MEAT','Philipp','Herlan','YOUTH_LEADER','XL',57,NULL),(576,'','1997-04-03','kkD8LYOS','MEAT','Aaron','Schmidt','YOUTH_LEADER','L',57,NULL),(577,'','2005-07-18','L3DxHWwy','MEAT','Luca','Brunner','YOUTH_LEADER','L',57,NULL),(578,'','1999-10-08','I0jEQ3yy','MEAT','Svenja','Baumgärtner','YOUTH_LEADER','M',57,NULL),(579,'','1999-02-12','CWF6Od99','MEAT','Lisa','Strecker','YOUTH_LEADER','S',57,NULL),(580,'','2012-03-12','QQAoD9vm','MEAT','Theo','Breitkopf','YOUTH','S',57,NULL),(581,'','2011-04-20','l65FH542','MEAT','Lukas','Feldmann','YOUTH','S164',57,NULL),(582,'','2012-08-04','01b4VwZN','MEAT','Michelle','Gamperle','YOUTH','S164',57,NULL),(583,'','2007-05-02','wGe4mz69','MEAT','Aaron','Iser','YOUTH','L',57,NULL),(584,'','2012-05-25','ZX0OPOu8','MEAT','Emilio','Maser','YOUTH','S164',57,NULL),(585,'','2009-02-28','kbLn06MU','MEAT','Luca','Adamiok','YOUTH','S',57,NULL),(586,'','2012-04-18','WGsrk104','MEAT','Leon','Adamiok','YOUTH','S140152',57,NULL),(587,'','2014-04-20','6vtZ6nez','MEAT','Mira','Adamiok','YOUTH','S140152',57,NULL),(588,'','2012-12-01','GGvM0K7R','MEAT','Lena','Kempermann','YOUTH','S164',57,NULL),(589,'','2011-10-07','91CFJcrN','MEAT','Kristian','Streifel','YOUTH','S164',57,NULL),(590,'','2011-06-10','V6Xy0t8p','MEAT','Fynn','Scheuer','YOUTH','M',57,NULL),(591,'','2012-05-08','3Gw3fGaI','MEAT','Norena','Kistner','YOUTH','L',57,NULL),(592,'','2013-10-08','2OsZh8eP','MEAT','Eyk','Scheuer','YOUTH','S140152',57,NULL),(593,'','2007-05-05','B2hZYm7v','MEAT','Xenia','App','YOUTH','S',121,NULL),(594,'','2002-09-19','gQZ5dMe6','VEGETARIAN','Franka','Neu','YOUTH_LEADER','M',99,NULL),(595,'','2003-08-11','Lu57YDHe','MEAT','Fabian','Maler','YOUTH_LEADER','XXL',99,NULL),(596,'','2004-11-07','Mzm4wazu','MEAT','Sofie','Roller','YOUTH_LEADER','S',99,NULL),(597,'','2001-12-25','V8BPbXv5','MEAT','Lars','Rappold','YOUTH_LEADER','XXL',99,NULL),(598,'','2002-10-24','HACHkf9I','MEAT','Denis','Weisenburger','YOUTH_LEADER','L',99,NULL),(599,'','2003-10-21','5qwyOHRH','MEAT','Lukas','Werk','YOUTH_LEADER','M',99,NULL),(600,'Abt. Schielberg','2011-12-30','zB14uyja','MEAT','Nino','Werdin','YOUTH','S164',77,NULL),(601,'Abt. Schielberg','2008-11-20','JyD8igyT','MEAT','Fabian','Werdin','YOUTH','L',77,NULL),(602,'Abt. Schielberg','2011-02-27','1R22Jsqh','MEAT','Johanna ','Storch','YOUTH','S',77,NULL),(603,'Abt. Schielberg','2007-08-29','FCrz4pq3','MEAT','Annalena','Storch','YOUTH','M',77,NULL),(606,'Abt. Schielberg, Abteilungsjugendleiter','2003-09-02','G4fGVr2s','MEAT','Arian ','Kern','YOUTH_LEADER','L',77,NULL),(607,'Abt. Schielberg','2010-11-04','cjBZlPq8','MEAT','Leon','Schröder','YOUTH','S',77,NULL),(608,'','2013-11-21','sFMyR7Be','MEAT','Jim','Wacker','YOUTH','S140152',38,NULL),(610,'','2009-02-01','yu79KSSp','MEAT','Oscar','Binkele','YOUTH','M',38,NULL),(611,'','1996-11-21','X8pJnxD7','MEAT','Philipp','Wenger','YOUTH_LEADER','M',38,NULL),(612,'','1997-06-09','I57GyvSh','MEAT','Jona','Pöschel','YOUTH_LEADER','XL',38,NULL),(613,'','2007-05-19','ImXF2RWQ','MEAT','Nico','Delogu','YOUTH','XXL',38,NULL),(614,'','2006-04-29','7bjXMrOA','MEAT','Jan-Luca','Moceanu','YOUTH','S',38,NULL),(615,'','2009-10-03','4DSM03pB','MEAT','Dominik','Bär','YOUTH','S164',38,NULL),(616,'','2007-01-28','VcxDLrK2','MEAT','Lara ','Bauer','YOUTH','S',38,NULL),(617,'','1998-05-03','In1Rq2WA','MEAT','Lukas','Koller','YOUTH_LEADER','XL',38,NULL),(618,'','1998-03-30','GxA3pf9B','MEAT','Eileen','Mohs','YOUTH_LEADER','S',38,NULL),(619,'','2007-12-27','3OLn5iP2','MEAT','Noah','Müller','YOUTH','L',38,NULL),(620,'','2012-03-16','7Gzlqyz9','MEAT','Luca','Müller','YOUTH','S',38,NULL),(621,'','2009-03-14','8sIUM7md','MEAT','Johannes','Bieringer','YOUTH','L',38,NULL),(622,'','2012-08-02','mHv2JdAh','MEAT','Paul','Bieringer','YOUTH','S',38,NULL),(623,'','2012-12-19','NRk3Wm2i','MEAT','Luis','Gorzawski','YOUTH','S164',38,NULL),(624,'','2002-03-29','W5pO1DOq','MEAT','Tim','Petzold','YOUTH_LEADER','M',38,NULL),(625,'','2002-03-29','42TWJTi0','MEAT','Noah','Petzold','YOUTH_LEADER','L',38,NULL),(627,'','1988-08-22','tOTxifv8','MEAT','Anja','Brunner','YOUTH_LEADER','L',38,NULL),(628,'','1991-02-06','td15Dejy','MEAT','Steffen','Strack','YOUTH_LEADER','X3L',38,NULL),(629,'','1982-01-12','m3FJqxIf','MEAT','Ines','Breitkopf','YOUTH_LEADER','XL',57,NULL),(630,'','2011-03-12','iWMeXd9U','MEAT','Samuel','Weber Sanchez','YOUTH','S164',57,NULL),(631,'','2012-01-22','v5mIau51','MEAT','Leonard','Krysmansky','YOUTH','M',99,NULL),(632,'Laktoseintoleranz','2013-09-07','MP2n5UuV','SPECIAL','Milan','Krysmansky','YOUTH','S',99,NULL),(633,'','2010-04-07','QAbn7ylE','MEAT','Johannes','Schulze','YOUTH','M',119,NULL),(634,'','2008-09-27','1Ls55UDO','MEAT','Nikolas','Ellmann','YOUTH','L',29,NULL),(635,'','2006-10-03','FF58xbU8','MEAT','Yannic','Erling','YOUTH','L',29,NULL),(636,'','2009-01-09','FXzx1lPl','MEAT','Michelle','Jödicke','YOUTH','XL',29,NULL),(637,'','2011-09-05','CKy2s80M','MEAT','Jannik','Jödicke','YOUTH','S',29,NULL),(638,'Fehlt Ausweis','2008-08-05','KyfH8BKu','MEAT','Leonard','Kasserer','YOUTH','L',29,NULL),(639,'','2009-11-12','l4ouqLt5','MEAT','Jonas','Kasserer','YOUTH','L',29,NULL),(640,'Fehlt Ausweis','2010-12-28','5ofWy1SV','VEGETARIAN','Melih','Patron','YOUTH','L',29,NULL),(641,'Fehlt Ausweis','2000-07-15','tJxVD91c','VEGETARIAN','Mikail','Patron','YOUTH_LEADER','M',29,NULL),(642,'Fehlt Ausweis','2003-07-05','M4a16BXH','VEGETARIAN','Hannah','Hiller','YOUTH_LEADER','XL',29,NULL),(643,'','1992-08-02','QnuULbP0','MEAT','Moritz','Lenz','YOUTH_LEADER','XL',29,NULL),(644,'','2012-12-03','wpyowJP5','MEAT','Tim ','Hirschfeld','YOUTH','S140152',72,NULL),(645,'','2011-10-23','3BS73Mmz','MEAT','Philipp','Weber','YOUTH','S164',72,NULL),(646,'','2009-07-17','JWWIK7hA','MEAT','Emil','Petko','YOUTH','S',72,NULL),(647,'','2011-12-03','MSxY9bSY','MEAT','Cinzia ','Reister','YOUTH','S164',72,NULL),(648,'','2015-09-29','ss3KVL2f','MEAT','Lukas ','Reister','YOUTH','S116128',72,NULL),(649,'','2008-12-16','5nRcFLhd','MEAT','David','Kunz ','YOUTH','S',72,NULL),(650,'','2011-11-25','yuya3t4M','MEAT','Nils ','Collingro','YOUTH','S164',72,NULL),(651,'','2012-01-31','xsg3t4Ab','MEAT','Henry ','Kubaile','YOUTH','M',72,NULL),(652,'','2006-10-22','zRd0afVT','MEAT','Jona','Assenheimer','YOUTH','S',72,NULL),(653,'','2005-11-24','0totg6UK','MEAT','Miguel-Rene ','Paetz-Fleck','YOUTH','M',72,NULL),(654,'','2002-11-19','nEmWTH6e','MEAT','Kenan ','Masic','YOUTH_LEADER','XXL',72,NULL),(655,'','1998-10-15','Y3TSuQx0','MEAT','Tim ','Springer','YOUTH_LEADER','XL',72,NULL),(656,'','2003-07-14','02qswWwN','MEAT','Justin ','Schulz ','YOUTH_LEADER','XL',72,NULL),(657,'','2001-08-08','8Nr5Cq0G','MEAT','Tom ','Storz ','YOUTH_LEADER','XL',72,NULL),(658,'','2002-07-11','zXqey4Cw','MEAT','Kai','Burow','YOUTH_LEADER','XL',72,NULL),(659,'','1998-04-29','Z7vok9cl','MEAT','Fabian','Seithel','YOUTH_LEADER','L',111,NULL),(660,'','2014-12-22','51rfWHtz','MEAT','Neele','Speiser','YOUTH','S140152',111,NULL),(661,'','2007-09-18','acaj5jkp','MEAT','Noah','Barié','YOUTH','M',111,NULL),(662,'','2013-10-31','x87hNC2F','MEAT','Noah','Fesenbeck','YOUTH','S',111,NULL),(663,'','2013-04-01','1rzrrTge','MEAT','Elena','Garcia Kammerer','YOUTH','S140152',111,NULL),(664,'','2004-12-03','Pa7AsTuY','MEAT','Vincent','Armstroff','YOUTH','M',111,NULL),(665,'','2015-01-29','Nc3p2Jn9','MEAT','Felix','Bosch','YOUTH','S140152',111,NULL),(666,'','2015-01-29','e7OBVV64','MEAT','Lukas','Bosch','YOUTH','S164',111,NULL),(667,'','2010-11-29','2iWi6zoF','MEAT','Leonie','Reiß','YOUTH','S164',111,NULL),(668,'','2010-11-29','MWrZxAf3','MEAT','Nathalie','Reiß','YOUTH','S164',111,NULL),(669,'','2008-05-21','2mOdyumb','MEAT','Pascal','Reiß','YOUTH','S',111,NULL),(670,'','1981-12-28','PfDEM7Ya','MEAT','Anika','Lüttmann','YOUTH_LEADER','L',111,NULL),(671,'','1978-07-15','FXs2qgf1','MEAT','Peter','Lüttmann','YOUTH_LEADER','XL',111,NULL),(672,'','2015-01-13','f3pw7Vi9','MEAT','Carla','Lüttmann','YOUTH','S164',111,NULL),(673,'','2012-05-09','t0M8eJNC','MEAT','Johanna','Lüttmann','YOUTH','S164',111,NULL),(674,'','1964-04-14','nl1ECan6','MEAT','Gerold','Seithel','YOUTH_LEADER','XL',111,NULL),(675,'alles','1985-12-20','0h3Ge0m5','MEAT','Adrian','von Berg','YOUTH_LEADER','L',69,NULL),(676,'','2010-04-15','zv8xnaq8','MEAT','Selina','Bauer','YOUTH','M',69,NULL),(677,'','2013-10-17','qtHPm4C2','MEAT','Liam','Craiß','YOUTH','S',69,NULL),(678,'','2011-09-11','4qxVnHNg','MEAT','Lenny ','Kern','YOUTH','M',69,NULL),(679,'','2006-07-03','9RIs1cy0','MEAT','Elias','Jenz','YOUTH','L',69,NULL),(680,'','2006-07-03','v0E0jJR2','MEAT','Tobias','Jenz','YOUTH','L',69,NULL),(681,'','2014-06-22','e4vTRobF','MEAT','Marlon','Beißel','YOUTH','S164',69,NULL),(682,'Metohexal morgens abends','2007-07-30','zfy8st0o','MEAT','Ella','Schellenberger','YOUTH','S',69,NULL),(683,'','2011-02-11','4orir9J3','MEAT','Emil','Haag','YOUTH','S',69,NULL),(684,'Lacotosefreie Milch','2011-01-11','hZaQm6vU','MEAT','Luise','Knaus','YOUTH','M',69,NULL),(685,'','2013-06-30','6S5FpzLH','MEAT','Felix','Dorsch','YOUTH','S',69,NULL),(686,'Allergietabletten morgens, Gräßer ,Pollen','2008-07-19','wvQQM5C4','MEAT','Yannis','Weyhersmüller','YOUTH','M',69,NULL),(687,'Allergietabletten morgens,Gräser, Pollen','2014-05-14','p37FDsBr','MEAT','Merle ','Weyhersmüller','YOUTH','S140152',69,NULL),(688,'Allergietabletten morgens, gräser, pollen\n,Kinectin','2011-09-10','8RJmuQuD','MEAT','Valentin','Weyhersmüller','YOUTH','S140152',69,NULL),(689,'','2011-12-17','pd5RJpuG','MEAT','Lilli','Benard','YOUTH','S',69,NULL),(690,'','2013-09-17','MS58E1PS','MEAT','Theo','Benard','YOUTH','S',69,NULL),(691,'Pravastatin','2005-11-24','GVhzA30T','MEAT','Fabian','Jenz','YOUTH','L',69,NULL),(692,'','2015-02-13','N2Sj9t7F','MEAT','Amelie','Redemann','YOUTH','S140152',69,NULL),(693,'','2012-10-28','LNkC9s7D','MEAT','Hannah','Redemann','YOUTH','S140152',69,NULL),(694,'','2002-10-01','EX2JIMiw','MEAT','Marius','Schild','YOUTH_LEADER','L',69,NULL),(695,'','2000-01-11','gOaPUF45','MEAT','Daniel','Schild','YOUTH_LEADER','L',69,NULL),(696,'','1992-07-14','GNos8uL6','MEAT','Hannes','Grüneich','YOUTH_LEADER','L',69,NULL),(697,'','2003-02-02','nQ97e1B3','MEAT','Pross','Bennet','YOUTH_LEADER','L',69,NULL),(698,'','2000-07-16','Nh6m2uHq','MEAT','Marius','Steinmetz','YOUTH_LEADER','L',69,NULL),(699,'','1997-09-10','Y3Tco2CI','MEAT','Carmen','Essig','YOUTH_LEADER','M',69,NULL),(700,'','1976-04-30','c3FLGTi0','MEAT','Marion','von Berg','YOUTH_LEADER','M',69,NULL),(701,'','2004-03-17','Ijc3ALX4','VEGETARIAN','Alina','Kulick','YOUTH_LEADER','S',38,NULL),(702,'','2009-11-17','yLp4847d','MEAT','Finn','Götzmann','YOUTH','L',38,NULL),(703,'Apfelallergie','2010-12-18','ezwFqyc3','MEAT','Yannik','Früh','YOUTH','S140152',38,NULL),(704,'','2010-03-30','BrEGu7FA','MEAT','Paul','Hilzinger','YOUTH','L',38,NULL),(705,'','2012-08-31','ExDSe6A5','MEAT','Lea','Hägele','YOUTH','S164',38,NULL),(706,'','2011-12-09','A3whaJ79','MEAT','Max','Hildenbrand','YOUTH','S164',38,NULL),(707,'','2010-09-24','N3s2qE8x','MEAT','Emily','Ozwald','YOUTH','M',38,NULL),(708,'','2006-01-31','P4sF4q12','MEAT','Maximilian','Gleißle','YOUTH','XL',38,NULL),(709,'','2010-01-21','ksI1vU5p','MEAT','Luca','Gleißle','YOUTH','M',38,NULL),(710,'','2007-07-25','ImR21OoW','MEAT','Luca','Strunck','YOUTH','L',38,NULL),(711,'','2010-06-18','A0W1tPr3','MEAT','Andreas','Klein','YOUTH','S164',38,NULL),(712,'','2011-03-04','WH3P5FIo','MEAT','Lorenz','Mechler','YOUTH','S164',38,NULL),(713,'','2011-09-27','74Xi2kfp','MEAT','Su Eftelya','Öztürk','YOUTH','S',38,NULL),(714,'Hausstaub/Pollen Allergie','2010-07-19','QkOBzE6r','MEAT','Joel','Mahder','YOUTH','S140152',38,NULL),(715,'','2012-10-24','Jj5JnMbI','MEAT','Elias','Mahder','YOUTH','S140152',38,NULL),(716,'','2013-04-05','zIXK54hb','MUSLIM','M.Enes','Demirel','YOUTH','S164',17,NULL),(718,'','2011-07-25','pFM4Opmj','MEAT','Adrian','Kampf','YOUTH','L',17,NULL),(719,'','2012-08-10','86YqbPk6','MEAT','Leonard','Qarku','YOUTH','M',17,NULL),(720,'','2007-03-26','UBqkTa7T','VEGETARIAN','Branco','Hrvacanin','YOUTH','L',17,NULL),(721,'','2012-12-19','Q472QLoN','MEAT','Niclas','Bukmaier','YOUTH','S140152',17,NULL),(722,'','2011-08-20','v8kOSBmg','MUSLIM','Cengiz','Dolan','YOUTH','M',17,NULL),(723,'','2013-01-28','Z6b6FU7e','MUSLIM','Gül','Dolan','YOUTH','S',17,NULL),(724,'','2013-06-24','3sQmNZyf','MEAT','Emilia','Driesner','YOUTH','S140152',17,NULL),(725,'','2011-01-22','Jie1Cw3u','MEAT','Laura','Driesner','YOUTH','S',17,NULL),(726,'','2010-11-15','0btioQeX','MEAT','Johann','Börner','YOUTH','M',17,NULL),(727,'','2009-09-22','mpknU5Nm','MEAT','Fabio','Sousa Costa','YOUTH','XL',17,NULL),(728,'','2009-06-17','XpaBYSt4','MEAT','Lea','Krüger','YOUTH','M',17,NULL),(729,'','2012-10-01','NaVOc8H0','MEAT','Luca','Krüger','YOUTH','S',17,NULL),(730,'','2000-08-17','dge7MLmS','MEAT','Deborah','Acker','YOUTH_LEADER','L',17,NULL),(731,'','1998-10-17','NJGK514M','MEAT','Philipp','Hildebrand','YOUTH_LEADER','L',17,NULL),(732,'','1988-04-02','6S74Xg3G','MEAT','Daniel','Cantatori','YOUTH_LEADER','X5L',17,NULL),(733,'','1993-03-12','x6nVtOlq','MEAT','Ricardo','Broß','YOUTH_LEADER','M',17,NULL),(734,'','2002-01-04','A2etzLVZ','MEAT','Fabian','Kleck','YOUTH_LEADER','M',17,NULL),(735,'','2003-04-18','6ysdDH99','MEAT','Jack','Mergel','YOUTH_LEADER','L',17,NULL),(736,'','2003-07-19','9h8argzu','MEAT','Elisa','Thieme','YOUTH_LEADER','S',17,NULL),(737,'','2006-09-24','JxE7V6fr','MEAT','Luca','Magnante','YOUTH','XL',17,NULL),(738,'','2007-10-19','fiDVreT4','MEAT','Nils','Nitzschke','YOUTH','S',111,NULL),(739,'','2012-11-02','jChi6HMK','MEAT','Matilda','Nitzschke','YOUTH','S140152',111,NULL),(740,'','1997-09-04','8gDFDitu','MEAT','Robin','Schillinger','YOUTH_LEADER','M',111,NULL),(741,'','1969-03-25','rm13llmQ','MEAT','Torsten','Schillinger','YOUTH_LEADER','XXL',111,NULL),(742,'','2008-02-05','DDU2w2yG','MEAT','Alexander','Maier','YOUTH','M',24,NULL),(743,'','2009-02-04','76ydcwMF','MEAT','Jan','Hauk','YOUTH','M',24,NULL),(744,'','2008-01-26','x82oVqGA','MEAT','Elias','Schmidt','YOUTH','M',24,NULL),(745,'','2008-07-19','7HfracN1','MEAT','Lenn','Spitzmüller','YOUTH','XL',24,NULL),(746,'','2011-07-16','u4023Cnz','MEAT','Ella','Hauk','YOUTH','M',24,NULL),(747,'Medikamente','2010-02-20','xMDRMt7P','MEAT','Pauline','Schäfer','YOUTH','S',24,NULL),(748,'','2013-01-30','1pN79bug','MEAT','Emil','Gabriel','YOUTH','M',24,NULL),(749,'','2011-10-31','N2z9i6W9','MEAT','Baran','Scherer','YOUTH','S164',24,NULL),(750,'','2012-05-31','jo11XyzP','MEAT','Sina','Pendelin','YOUTH','S164',24,NULL),(751,'','2012-12-04','W4tnI1CV','MEAT','Neyla','Bahrouni','YOUTH','S140152',24,NULL),(752,'','2013-07-20','vmGJc7E6','MEAT','Julian','Wendel','YOUTH','S116128',24,NULL),(753,'','2013-10-13','CIxAXgD3','MEAT','Emelie','Gottselig','YOUTH','S140152',24,NULL),(754,'','2014-09-09','WO21NF3G','MEAT','Philipp','Zepfel-Schönherr','YOUTH','S140152',24,NULL),(755,'','2013-07-03','vQE2uQPR','MEAT','Domenik','Stegmaier','YOUTH','M',24,NULL),(756,'','1993-07-01','8BYRmMln','MEAT','Jonas','Böckle','YOUTH_LEADER','XXL',24,NULL),(757,'','1987-08-03','am6oq9gr','MEAT','Tobias','Jung','YOUTH_LEADER','M',24,NULL),(758,'','2006-06-10','nCwzjy45','MEAT','Finja','Eiermann','YOUTH','S',86,NULL),(760,'','1986-12-09','4omktHgy','MEAT','Mona','Banspach','YOUTH_LEADER','M',105,NULL),(761,'nur vom 09.06. bis 11.06.2023 anwesend','2013-04-02','z9C5jjG7','MEAT','Max','Erbe','YOUTH','S',86,NULL),(762,'Keine Pilze','2004-08-21','O8WPo2fk','MEAT','Dana','Chung ','YOUTH_LEADER','M',105,NULL),(763,'','1997-09-22','f1PQ3QvM','MEAT','Marcel','Jung','YOUTH_LEADER','XXL',105,NULL),(764,'Allergie gegen Penicilin, isst keinen Käse ','2009-09-30','its51nGW','MEAT','Mayleen','Held','YOUTH','L',86,NULL),(765,'','1987-09-26','2DWwJSw9','MEAT','David','Becker','YOUTH_LEADER','M',105,NULL),(766,'Allergie gegen Penicilin, Pflaster und Kiwi','2012-10-02','beUC3iQE','MEAT','Ronja','Held','YOUTH','L',86,NULL),(767,'','2012-04-26','dkR0ewDc','MEAT','Nelson','Lutz','YOUTH','S',86,NULL),(768,'','2006-10-31','uo7l5QKc','MEAT','Maurice','Mackert','YOUTH','XL',86,NULL),(769,'','2008-09-28','d5O58Qhl','MEAT','Tim Leonard','Mackert','YOUTH','M',86,NULL),(771,'','2010-10-21','l9DqQfAv','MEAT','Moritz','Frech','YOUTH','S164',105,NULL),(772,'','2004-09-17','8Qh90sd3','MUSLIM','Boran','Aksu','YOUTH_LEADER','XL',86,NULL),(773,'','2013-09-16','Sd29ZrRc','MEAT','Nina','Frech','YOUTH','S164',105,NULL),(774,'','2011-03-19','570ZuFHk','MEAT','Lena','Kehrer','YOUTH','S',105,NULL),(775,'','2002-10-16','vDI3D5y3','MEAT','Sonja','Becker','YOUTH_LEADER','XL',86,NULL),(776,'','1993-10-27','g2isiWos','MEAT','Laura','Eggensperger','YOUTH_LEADER','XL',86,NULL),(777,'','2011-02-01','v4kmibpL','MEAT','Sarah','Adam','YOUTH','S164',105,NULL),(778,'','2013-03-02','z1xgQgBK','MEAT','Hanna','Riedel','YOUTH','S164',105,NULL),(779,'','2000-08-16','h8X9PtRr','MEAT','Selina','Fröhlich','YOUTH_LEADER','XL',86,NULL),(780,'','2013-07-01','2Opvh4eY','MEAT','Malte','Schuh','YOUTH','S164',105,NULL),(781,'','2011-07-17','i68m6awI','MEAT','Fabiola','Schuh','YOUTH','M',105,NULL),(782,'Laktoseintoleranz','2005-06-24','21PfGG9W','MEAT','Nicolas','Schmidt','YOUTH_LEADER','XXL',86,NULL),(783,'','2009-05-17','cBJS1h8f','VEGETARIAN','Tabea','Schuh','YOUTH','M',105,NULL),(784,'','2008-11-25','G2g00YNP','MEAT','Chiara','Haider','YOUTH','L',105,NULL),(785,'','2009-02-26','j8k7JF9M','MEAT','Lana','Meier','YOUTH','M',105,NULL),(786,'','2008-12-30','xQQm3eJM','MEAT','Filippa','Scholer','YOUTH','M',105,NULL),(787,'','2010-07-10','g5e62CIw','MEAT','Josephine','Stiefel','YOUTH','M',105,NULL),(788,'','2007-06-11','PQzr5Ylh','MEAT','Tim','Blattner','YOUTH','M',83,NULL),(789,'','2012-10-08','M3lW38ky','MEAT','Budenz','Dean','YOUTH','S140152',83,NULL),(790,'','2014-10-01','1knPDW5g','MEAT','Lenya','Basanovic','YOUTH','S140152',83,NULL),(791,'','2013-07-11','ctH5C8jI','MEAT','Felix','Baumann','YOUTH','S140152',83,NULL),(792,'','2010-07-17','CrZU3k1x','MEAT','Naemie','Kiefer','YOUTH','S140152',83,NULL),(793,'','2014-06-24','tE7asNJI','MEAT','Joel','Kiefer','YOUTH','S140152',83,NULL),(794,'','2008-01-07','wduF3y4R','MEAT','Fynn','Chin','YOUTH','L',83,NULL),(795,'','2007-12-28','2Pu630wt','MEAT','Noel','Adjei','YOUTH','L',83,NULL),(796,'Fehlt Ausweis','2013-01-30','9EC28wG5','MEAT','Melia','Gersonde','YOUTH','S164',83,NULL),(797,'Fehlt Ausweis','1990-04-13','SLMC55YE','MEAT','Christopher','Gäng','YOUTH_LEADER','M',83,NULL),(798,'Fehlt Ausweis','1991-10-06','dTmUD2Cq','MEAT','Nils','Pister','YOUTH_LEADER','XXL',83,NULL),(799,'','2004-04-18','hqH3Op66','MEAT','Luca','Blattner','YOUTH_LEADER','L',83,NULL),(800,'Fehlt Ausweis','2005-08-15','Cg49t5Nx','MEAT','Nils','Holub','YOUTH','XL',83,NULL),(801,'','1985-11-18','4vBT5MQr','MEAT','Patrick','Möllmann','YOUTH_LEADER','L',31,NULL),(802,'','2008-10-11','3PHe29s9','MEAT','Killian ','Lauber','YOUTH','M',31,NULL),(803,'','2010-05-18','Li8PB5sJ','MEAT','Rouven','Wagner','YOUTH','S',31,NULL),(804,'','2010-08-22','RkBJ3jd5','MEAT','Noah ','Konrad','YOUTH','S',31,NULL),(805,'','2013-04-26','3MGy3i8T','MEAT','Emma ','Stang','YOUTH','S140152',31,NULL),(806,'','2010-08-26','ezUEtt1a','MEAT','Paul','Müller','YOUTH','S',31,NULL),(807,'','2004-01-26','mXd7hKN7','MEAT','Marvin ','Müller','YOUTH_LEADER','L',31,NULL),(808,'','2012-07-18','OsLw5v0n','MEAT','Sophie ','Abele','YOUTH','M',28,NULL),(809,'','2014-12-04','85auuZuA','MEAT','Kilian','Molter','YOUTH','S',28,NULL),(810,'','2007-01-07','qij9N8pL','MEAT','Alexander','Molter','YOUTH','L',28,NULL),(811,'','2012-10-16','3qKxe1PA','MEAT','Silas','Johannsen','YOUTH','S',28,NULL),(812,'Isst keine Zwiebel und Knoblauch','2011-10-05','lcPCNj0p','MEAT','Samuel','Katz','YOUTH','M',28,NULL),(814,'','1990-11-17','UEudlY6q','MEAT','Yannik','Schwandner','YOUTH_LEADER','M',28,NULL),(815,'','2002-08-13','xv3182Qn','MEAT','Marcel ','Schwandner','YOUTH_LEADER','L',28,NULL),(816,'','2002-05-31','7ZUyFPQV','MEAT','Fabian ','Katz','YOUTH_LEADER','M',28,NULL),(817,'','1988-04-29','MeWxxJ0N','MEAT','Sebastian','Rübel','YOUTH_LEADER','XXL',73,NULL),(818,'','1993-04-22','CloZV3os','MEAT','Marcel ','Schneider','YOUTH_LEADER','XL',73,NULL),(819,'','2005-05-21','6vC7wk05','MEAT','Pascal','Würz','YOUTH','L',73,NULL),(820,'','1997-08-31','9ZV9ZbMK','MEAT','Tatjana','Ittel','YOUTH_LEADER','M',73,NULL),(821,'','2006-08-02','02t9CmFl','MEAT','Fenja','Schneider','YOUTH','M',73,NULL),(822,'','1975-09-01','JwfQJkz1','MEAT','Heiko','Schneider','YOUTH_LEADER','L',73,NULL),(823,'','2010-12-22','e4QWbggi','MEAT','Maximilian','Eisinger','YOUTH','S164',73,NULL),(824,'','2008-03-31','rHl9RhMh','MEAT','Amon','Thiele','YOUTH','S164',73,NULL),(825,'','2010-10-12','imgxf59r','MEAT','Jonas','Herzog','YOUTH','S',73,NULL),(826,'','2012-07-26','8JTVG6Pc','MEAT','Benjamin','Ott','YOUTH','S164',73,NULL),(827,'','2010-05-05','Xn9BkL5e','MEAT','Alexander','Ott','YOUTH','S',73,NULL),(828,'','2007-01-23','7QrUv3oG','MEAT','Lumpp','Lea','YOUTH','M',73,NULL),(829,'','2010-01-26','o78w5DHj','MEAT','Lumpp','Philipp','YOUTH','M',73,NULL),(830,'','2014-11-26','sFS6uGD7','MEAT','Luca','Striby','YOUTH','S140152',73,NULL),(831,'','2013-08-16','4a4wrmsK','MEAT','Levi','Eisinger','YOUTH','S140152',73,NULL),(832,'','2010-04-14','fPAF1cwe','MEAT','Samuel','Grein','YOUTH','L',73,NULL),(833,'','2013-03-26','lo9t338P','MEAT','Mayleen','Kern','YOUTH','S116128',122,NULL),(834,'','2000-03-26','HTd19E4e','MEAT','Maja','Kern','YOUTH_LEADER','M',122,NULL),(835,'Z-KID Fabian Seithel Ubst-W.','2017-02-02','2e916lf2','MEAT','Lotte','Lüttmann','YOUTH','S116128',11,NULL),(836,'','2000-03-26','3286HtN5','MEAT','Alexander','Kern','YOUTH_LEADER','L',122,NULL),(837,'','2000-03-26','l8DeNEbO','MEAT','Agathe','Meinzer','YOUTH_LEADER','S',122,NULL),(838,'','2000-03-26','z3DTUMrd','MEAT','Ullrich','Koukola','YOUTH_LEADER','XL',122,NULL),(839,'','2000-03-26','jtJ7aUWz','MEAT','Julian','Petrich','YOUTH_LEADER','XXL',122,NULL),(840,'','2000-03-26','581wXa8Z','MEAT','Manuel','Frieß','YOUTH_LEADER','M',122,NULL),(841,'','2000-03-26','n9lDS55q','VEGETARIAN','Lisa','Heger','YOUTH_LEADER','S',122,NULL),(842,'zusätzlich 1 T-Shirt Größe L','2000-03-26','2cEP0pGA','MEAT','Daniel','Heger','YOUTH_LEADER','M',122,NULL),(843,'','2000-03-26','3xSUtRuo','MEAT','Jürgen ','Heger','YOUTH_LEADER','XL',122,NULL),(844,'','2000-03-26','PHf0ffG0','MEAT','Werner','Rüssel','YOUTH_LEADER','XL',122,NULL),(845,'','2000-03-26','o4qNyhQq','MEAT','Melanie','Ippich','YOUTH_LEADER','XXL',122,NULL),(846,'','2013-03-26','f0A38KAx','MEAT','Thilo','Ippich','YOUTH','S116128',122,NULL),(847,'','2000-03-26','BNwid3W1','MEAT','Sandra','Schorpp','YOUTH_LEADER','X5L',122,NULL),(848,'','2000-03-26','OHg8agGf','MEAT','Jörg','Schorpp','YOUTH_LEADER','X5L',122,NULL),(849,'','2000-03-26','e38s6Fhy','MEAT','Dietmar','Fox','YOUTH_LEADER','XXL',122,NULL),(850,'','2000-03-26','lSHb6LRv','MEAT','Thomas','Zöller','YOUTH_LEADER','XL',122,NULL),(851,'','2000-03-26','Vb48OubW','MEAT','Thorben','Ludwig','YOUTH_LEADER','XXL',122,NULL),(852,'','2000-03-26','7fmgVru5','MEAT','Babara','Tabery','YOUTH_LEADER','XL',122,NULL),(853,'','2000-03-26','Mw4BPxhB','MEAT','Ralf','Tabery','YOUTH_LEADER','XXL',122,NULL),(854,'','2000-03-26','7s2J5hOo','MEAT','Nicole','Wolf','YOUTH_LEADER','XL',122,NULL),(855,'','2000-03-26','8szoSz4w','MEAT','Bettina','Günter','YOUTH_LEADER','XL',122,NULL),(856,'','2000-03-26','7yLC1F7W','MEAT','Helmut','Günter','YOUTH_LEADER','XXL',122,NULL),(857,'','2000-03-26','wZJiW0az','MEAT','Martin','Lang','YOUTH_LEADER','X4L',122,NULL),(858,'','2000-03-26','v6gaGdmU','MEAT','Lucas','Hannich','YOUTH_LEADER','M',122,NULL),(859,'','2000-03-26','2Br1hXaj','MEAT','Thomas','Hauck','YOUTH_LEADER','XL',122,NULL),(860,'','2000-03-26','nmKTQt4e','MEAT','Volker','Müller','YOUTH_LEADER','L',122,NULL),(861,'','2000-03-26','651wUWDg','MEAT','Birgit','Becker','YOUTH_LEADER','XXL',122,NULL),(862,'Der Vornahme ist Frank und nicht Freimütig','2000-03-26','I62zKK5M','MEAT','Frank  ','Becker','YOUTH_LEADER','XXL',122,NULL),(863,'','2000-03-26','ScE39v31','MEAT','Ralf','Haßfeld','YOUTH_LEADER','X4L',122,NULL),(864,'','2000-03-26','pJ1meBf0','MEAT','Markus','Fischer','YOUTH_LEADER','X5L',122,NULL),(865,'','2000-03-26','0bPSSGeq','MEAT','Jürgen','Köstens','YOUTH_LEADER','XL',122,NULL),(866,'','1998-11-21','o1lEJpHb','MEAT','Axel','Deininger','YOUTH_LEADER','X3L',24,NULL),(867,'','1976-05-22','wkP0TmpR','MEAT','Michael','Pendelin','YOUTH_LEADER','X3L',24,NULL),(868,'','2003-04-10','hUwGkJ41','MEAT','Benjamin','Sommer','YOUTH_LEADER','L',24,NULL),(869,'','1992-10-08','XwDoTk24','MEAT','Giuliana','Pflaum','YOUTH_LEADER','M',24,NULL),(870,'Medikamente','1997-12-10','lfY5P7kP','MEAT','Antonia','Dornig','YOUTH_LEADER','XL',24,NULL),(871,'','2007-03-23','pJtUud2u','MEAT','David','Fischer','YOUTH','M',70,NULL),(872,'','1997-01-10','PW2n1j9I','MEAT','Dominik','Kästel','YOUTH_LEADER','XL',14,NULL),(873,'','2005-05-04','6rRok0yV','MEAT','Jonathan','Hostadt','YOUTH_LEADER','M',14,NULL),(874,'Kein Gemüse','2009-06-12','UQEDm3lj','MEAT','Fabian','Wüst','YOUTH','M',14,NULL),(875,'','2011-01-12','mqMzq35D','MEAT','Felix','Theophil','YOUTH','M',14,NULL),(876,'','2012-02-12','H2dZz1Wq','MEAT','Steven','Mungay','YOUTH','M',14,NULL),(877,'','2010-02-24','f1b1NhyR','MEAT','Nino','Schau','YOUTH','M',14,NULL),(878,'','2011-06-14','UtTgXdo8','MEAT','Manoel','Vetter','YOUTH','S',14,NULL),(879,'Medikament muss in Kühlschrank','2009-10-27','zYOlm9i8','MEAT','Matteo','Vetter','YOUTH','L',14,NULL),(880,'','1982-08-07','9k1pzO4x','MEAT','Susanne ','Duncker','YOUTH_LEADER','XXL',14,NULL),(881,'Ausschuss','2000-01-01','JBL11tDI','MEAT','Michael','Fritsch','YOUTH_LEADER','XL',11,NULL),(882,'Z-KID Daniela Layer Ubstadt T-Shirt Größe 92','2020-12-20','86I84ppe','VEGETARIAN','Hannah','Layer','YOUTH','S104110',11,NULL),(883,'Z-KID Cristopher Gäng Reinhausen','2018-10-20','GMb11Eq8','MEAT','Melanie','Frank','YOUTH','S140152',11,NULL),(884,'','2010-06-29','DeY720vo','MEAT','Noah Ivo ','Jost','YOUTH','M',27,NULL),(886,'','2010-10-13','IZpB7B7n','MEAT','Theresia','Isele','YOUTH','S164',27,NULL),(887,'','2011-04-14','46HBavWS','MEAT','Nathalie','Schwerdel','YOUTH','S140152',27,NULL),(888,'','2006-10-04','0WKC5mgu','MEAT','Maximilian ','Isele','YOUTH','L',27,NULL),(889,'','2011-08-19','Xt8S6dQI','MEAT','Ronja','Köhn','YOUTH','M',27,NULL),(890,'','2010-07-13','0vrr5L2c','MEAT','Julian','Bottling','YOUTH','S164',27,NULL),(891,'','2002-05-27','Z1M2H904','MEAT','Nils ','Kohlmetz','YOUTH_LEADER','X3L',27,NULL),(892,'','2001-04-20','JEk7B8lh','MEAT','Carmen','Schleicher','YOUTH_LEADER','M',27,NULL),(893,'','2000-08-06','lqdu8i1q','MEAT','Annalena','Ernst','YOUTH_LEADER','M',27,NULL),(894,'Essen glutenfrei','1994-10-31','nI5bEQ5f','SPECIAL','Michel','Mähler','YOUTH_LEADER','L',27,NULL),(895,'','1999-07-14','VYkK7vrI','MEAT','Thorben ','Ludwig','YOUTH_LEADER','XXL',27,NULL),(896,'','1999-08-30','Ua0xSEho','MEAT','Pascal ','Schlindwein','YOUTH_LEADER','XXL',27,NULL),(898,'','2005-12-09','A1TbeJsS','MEAT','Fion','Selmani','YOUTH','M',27,NULL),(899,'','2008-06-16','fz97gCGR','MEAT','Marvin ','Bergerhausen','YOUTH','XL',27,NULL),(900,'','2009-10-16','U0Mw3lJS','MEAT','Luca','Wiench','YOUTH','L',27,NULL),(901,'keine','1978-10-19','W5RVQnht','MEAT','Markus','Fischer','YOUTH_LEADER','X5L',123,NULL),(902,'','0001-01-01','t3Ym1Uz5','MEAT','Nicole ','Kallis','YOUTH_LEADER','S',123,NULL),(903,'','0001-01-01','rm5wDcT3','MEAT','Julia ','Hauth','YOUTH_LEADER','M',123,NULL),(904,'','0001-01-01','oQ6Zr4Z8','MEAT','Nils ','Roth','YOUTH_LEADER','XXL',123,NULL),(905,'','0001-01-01','Nkx9dPl4','MEAT','Jonas ','Kemmer','YOUTH_LEADER','XL',123,NULL),(906,'','0001-01-01','hCHziRH2','MEAT','Marcel ','Jung','YOUTH_LEADER','L',123,NULL),(907,'','0001-01-01','IaMTpf5n','MEAT','Simon ','Brecht','YOUTH_LEADER','XL',123,NULL),(908,'','0001-01-01','QonVbJr9','MEAT','Annika ','Anger','YOUTH_LEADER','XXL',123,NULL),(909,'','0001-01-01','Z4vAQ5Jp','MEAT','Andreas ','Andel','YOUTH_LEADER','L',123,NULL),(910,'','0001-01-01','1DkfAb7n','MEAT','Klaus ','Klostermann','YOUTH_LEADER','M',123,NULL),(912,'','0001-01-01','4TnsHl8j','MEAT','Lea ','Emmerrich','YOUTH_LEADER','XL',123,NULL),(913,'','0001-01-01','F3yOJkj7','MEAT','Lisa','Hammermeister','YOUTH_LEADER','L',123,NULL),(914,'','2011-04-27','Smk8yuGZ','MEAT','Lennard','Wiench','YOUTH','S',27,NULL),(917,'Z-KID Timo Spitz','0001-01-01','X5dw2UYP','MEAT','Malena','Spitz','YOUTH','S116128',11,NULL),(918,'Z-KID Timo Spitz T-Shirt Größe 92','0001-01-01','4H6ODUn3','MEAT','Silvan','Spitz','YOUTH','S104110',11,NULL),(919,'Z-KID Andreas Andl Pfinztal','2017-08-28','1McEnvm8','MEAT','Neyla','Allion','YOUTH','S104110',11,NULL),(920,'','2008-12-13','HAQ3jvn5','MEAT','Luca','Bensch','YOUTH','L',105,NULL),(921,'','2005-02-08','NtHhS7ib','VEGETARIAN','Julia','Reichert','YOUTH_LEADER','L',69,NULL),(922,'','2013-03-11','85vvudgo','MEAT','Janik','Stiefel','YOUTH','S164',28,NULL),(923,'Cheffin vom Kreisfuzzi','2000-01-01','S1krfv28','MEAT','Janina','Becker','YOUTH_LEADER','M',11,NULL),(924,'Anmeldung','2000-01-01','vb8KfE1w','MEAT','Melanie','Meffle','YOUTH_LEADER','L',11,NULL),(925,'','1963-10-10','8ShnylU6','MEAT','Susanne ','Altenbrand','YOUTH_LEADER','L',124,NULL),(926,'','1994-02-05','TR2o98CM','MEAT','Mirko ','Gerx','YOUTH_LEADER','X5L',124,NULL),(927,'','1964-08-01','X25dKodG','MEAT','Ulrike ','Dörfler','YOUTH_LEADER','M',124,NULL),(928,'','1977-04-22','P19NifzV','MEAT','Thorsten','Keim-Fritz','YOUTH_LEADER','L',124,NULL),(929,'','1981-12-22','0rCYNZpl','MEAT','Jochen','Knebel','YOUTH_LEADER','L',124,NULL),(930,'','1991-07-05','3CvQwEqJ','MEAT','Robin','Altenbrand','YOUTH_LEADER','M',124,NULL),(931,'','1978-08-04','N24Nhr4u','MEAT','Petra','Dossinger','YOUTH_LEADER','L',124,NULL),(932,'','1974-01-08','18K9Ew8Y','MEAT','Dieter','Dörfler','YOUTH_LEADER','L',124,NULL),(933,'','1978-10-25','E9dHiUr3','MEAT','Christian','Koch','YOUTH_LEADER','L',124,NULL),(934,'','1992-02-05','LeSd80Lp','MEAT','Carina','Neubert','YOUTH_LEADER','L',124,NULL),(935,'','1968-07-05','8JVQDeGf','MEAT','Michael ','Wagner','YOUTH_LEADER','L',124,NULL),(936,'','2000-01-01','3iGNNcGw','NONE','Katharina','Wolf','YOUTH_LEADER','M',11,NULL),(937,'Abt. Schielberg','2012-08-29','u6i3jPMJ','MEAT','Lina','Christele','YOUTH','S140152',77,NULL),(938,'@Timo Person war falsch zugeordnet,Lässt sich aber nichtmehr löschen','0001-01-01','dWT7eX55','VEGETARIAN','X','X','YOUTH_LEADER','XXL',87,NULL),(939,'','2006-05-16','95kwUQzw','MEAT','Lisa ','Sporer','YOUTH','M',37,NULL),(940,'','2013-05-02','8nmt8n3w','MEAT','Justin','Hohnhäuser','YOUTH','S164',37,NULL),(941,'','1997-12-12','K8eES44t','VEGETARIAN','Karola','Becker','YOUTH_LEADER','XXL',86,NULL),(942,'','1981-12-15','2KOfkXPz','MEAT','Thomas ','Hügel','YOUTH_LEADER','XL',48,NULL);
/*!40000 ALTER TABLE `attendees` ENABLE KEYS */;
UNLOCK TABLES;
DROP TABLE IF EXISTS `departments`;
/*!40101 SET @saved_cs_client     = @@character_set_client */;
/*!50503 SET character_set_client = utf8mb4 */;
CREATE TABLE `departments` (
  `id` bigint NOT NULL AUTO_INCREMENT,
  `leader_email` varchar(255) NOT NULL,
  `leader_name` varchar(255) NOT NULL,
  `name` varchar(255) NOT NULL,
  PRIMARY KEY (`id`),
  UNIQUE KEY `unique_departments_name_leader_email` (`name`,`leader_email`)
) ENGINE=InnoDB AUTO_INCREMENT=127 DEFAULT CHARSET=utf8mb4 COLLATE=utf8mb4_0900_ai_ci;
/*!40101 SET character_set_client = @saved_cs_client */;

LOCK TABLES `departments` WRITE;
/*!40000 ALTER TABLE `departments` DISABLE KEYS */;
INSERT INTO `departments` VALUES (10,'KordonDev@mail.ka','KordonDev','admin'),(11,'kreisjugendwart@jf-landkreis-karlsruhe.de','Jan Becker','Landkreis Karlsruhe'),(12,'fgl.zeltlager@jf-landkreis-karlsruhe.de','Steffen Machhold','FGL Lager und Fahrten'),(13,'konstantingoetz@web.de','Konstantin Götz','JF Langenbrücken '),(14,'jugendfeuerwehr@mi.ffbs.de','Dominik Kästel','JF Mingolsheim '),(15,'jugend@feuerwehr-bretten.de','Florian Nieblich','JF Bretten gesamt '),(16,'sascha.draheim@gmail.com','Sascha Draheim','JF Bauerbach '),(17,'jugendfeuerwehr.bretten@feuerwehr-bretten.de','Deborah Acker','JF Bretten Stadt '),(18,'hendrikjanson98@gmx.de','Hendrik Janson','JF Büchig '),(19,'luca01.s25@gmail.com','Luca Schneider','JF Diedelsheim '),(20,'eugen.edemiller@live.de','Eugen Edemiller','JF Dürrenbüchig '),(21,'mike.braeuning@t-online.de','Mike Bräuning','JF Gölshausen '),(22,'maximilian.kahl@gmx.net','Maximilian Kahl','JF Neibsheim '),(23,'rinklingen@feuerwehr-bretten.de','Moritz Petri','JF Rinklingen '),(24,'Jugendfeuerwehrruit@gmail.com','Jonas Böckle','JF Ruit '),(25,'16L.12G@web.de','Larissa Geiselhart','JF Sprantal '),(26,'manuela.guenter@gmx.net','Manuela Günter','JF Bruchsal gesamt '),(27,'bruchsal@jf-bruchsal.de','David Wiench','JF Bruchsal Stadt '),(28,'buechenau@jf-bruchsal.de','Fabian Schwandner','JF Büchenau '),(29,'schmidt_manuel@arcor.de','Manuel Schmidt','JF Heidelsheim '),(30,'geissler.u@arcor.de','Ulrich Geißler','JF Helmsheim '),(31,'patrickmoellmann@gmx.de','Patrick Möllmann','JF Obergrombach '),(32,'manuela.guenter@gmx.net','Manuela Günter','JF Untergrombach '),(33,'Jonas.seitz@feuerwehr-liedolsheim.de','Jonas Seitz','JF Liedolsheim '),(34,'marcogrether@gmx.de','Marco Grether','JF Rußheim '),(35,'jugendfeuerwehr.leo@fw-egg-leo.de','Steven Handy','JF Eggenstein-Leopoldshafen gesamt '),(36,'jugendfeuerwehr.egg@fw-egg-leo.de','Jens Bogner','JF Eggenstein '),(37,'jugendfeuerwehr.leo@fw-egg-leo.de','Steven Handy','JF Leopoldshafen '),(38,'mi.fritsch@web.de','Michael Fritsch','JF Ettlingen gesamt '),(39,'simone.sp@web.de','Simone Speck','JF Bruchhausen '),(40,'Steffenstrack@web.de','Steffen Strack','JF Ettlingen Stadt '),(41,'tim@fam-petzold.de','Tim Petzold','JF Ettlingenweier '),(42,'jugendwart@ff-oberweier.de','Jona Pöschl','JF Oberweier '),(43,'info@ff-schluttenbach.de','Sebastian Laible','JF Schluttenbach '),(44,'jugendwart@ffw-schoellbronn.de','Stefan Wild','JF Schöllbronn '),(45,'tlischker@gmail.com','Timo Lischker','JF Spessart '),(46,'jugendwart@feuerwehr-forst-baden.de','Loris Neumann','JF Forst '),(47,'jugendwart@feuerwehr-gondelsheim.de','Maik Braun','JF Gondelsheim '),(48,'jugendwart@florian-graben-neudorf.de','Dennis Roth','JF Graben '),(49,'jugendwart@florian-graben-neudorf.de','Dennis Roth','JF Neudorf '),(50,'jugendfeuerwehr@ff-hambruecken.de','Reiner Krempel','JF Hambrücken '),(51,'f.stolze@feuerwehr-karlsbad.de','Felix Stolze','JF Karlsbad gesamt '),(52,'c.duerr@feuerwehr-karlsbad.de','Christian Dürr','JF Auerbach '),(53,'m.lochmann@feuerwehr-karlsbad.de','Michael Lochmann','JF Ittersbach '),(54,'arne_maier@gmx.de','Arne Maier','JF Langensteinbach '),(55,'martin.kuest@yahoo.de','Martin Küst','JF Mutschelbach '),(56,'jan.schlude@feuerwehr-karlsbad.de','Jan Schlude','JF Spielberg '),(57,'jugendwart@kn112.de','Philipp Herlan','JF Karlsdorf-Neuthard '),(58,'markus.jancura@gmx.de','Markus Jancura','JF Kraichtal gesamt '),(59,'salomon-kosmas-hund@web.de','Salomon Weis','JF Bahnbrücken '),(60,'leonardherdle@gmail.com','Leonard Herdle','JF Gochsheim '),(61,'l.barth.96@web.de','Lukas Barth','JF Landshausen '),(62,'jan.schuhmann99@gmail.com','Jan Schuhmann','JF Menzingen '),(63,'ph.burkhardt@freenet.de','Philipp Burkhardt','JF Münzesheim '),(64,'Jansch97@web.de','Jan Schreier','JF Neuenbürg '),(65,'markus.jancura@gmx.de','Markus Jancura','JF Oberacker '),(66,'Jugendfeuerwehr.oberoewisheim@gmx.de','Fabian Böß','JF Oberöwisheim '),(67,'beck.timo@hotmail.de','Timo Beck','JF Unteröwisheim '),(68,'jonas.dewald@feuerwehr-kronau.de','Jonas Dewald','JF Kronau '),(69,'adrianvonberg@yahoo.de','Adrian von Berg','JF Kürnbach '),(70,'jfliho@web.de','Florian Schnäbele','JF Linkenheim-Hochstetten '),(71,'wuhschneider@web.de','Heiko Schneider','JF Malsch gesamt '),(72,'Pascalheck1@gmx.de','Pascal Heck','JF Malsch '),(73,'s.ruebel@gmx.de','Sebastian Rübel','JF Sulzbach '),(74,'joerg.graessle@googlemail.com','Jörg Gräßle','JF Völkersbach '),(75,'christian1993@t-online.de','Christian Mahovsky','JF Waldprechtsweier '),(76,'robin@axtmannmail.de','Robin Axtmann','JF Burbach '),(77,'lukasweber@gmx.net','Lukas Weber','JF Pfaffenrot '),(78,'arian.kern@gmail.com','Arian Kern','JF Schielberg '),(79,'jf.fl@feuerwehr.oberderdingen.de','Felix Pfersching','JF Flehingen '),(80,'jf.gv@feuerwehr.oberderdingen.de','Franziska Roth','JF Großvillars '),(81,'jf.od@feuerwehr.oberderdingen.de','Philipp Scherer','JF Oberderdingen '),(82,'jugend@fw-oberhausen-rheinhausen.de','Eva-Maria Salscheider','JF Oberhausen '),(83,'jugendwart@ff-rheinhausen.de','Christopher Gäng','JF Rheinhausen '),(84,'jf.jugendfeuerwehrwart@feuerwehr-oestringen.de','Katharina Fröhlich','JF Östringen gesamt '),(85,'Christian.dirks79@googlemail.com','Christian Dirks','JF Eichelberg '),(86,'jfodenheim@gmx.de','Aileen Friedenauer','JF Odenheim '),(87,'wies-dominik@hotmail.de','Dominik Wies','JF Östringen '),(88,'jonas.dewald@online.de','Jonas Dewald','JF Tiefenbach '),(89,'andyffwbgh@web.de','Andreas Andl','JF Pfinztal gesamt '),(90,'jfberghausen@feuerwehr-pfinztal.de','Nadine Allion','JF Berghausen '),(91,'christina1998@gmx.de','Christina Mühlböck','JF Kleinsteinbach '),(92,'ruben-popp@gmx.de','Ruben Popp','JF Söllingen '),(93,'melanie94.becker@googlemail.com','Melanie Becker','JF Wöschbach '),(94,'franziska.fuchs@feuerwehr-philippsburg.de','Franziska Fuchs','JF Philippsburg gesamt '),(95,'eliasweber97@web.de','Elias Weber','JF Huttenheim '),(96,'christian.gentner@feuerwehr-philippsburg.de','Christian Gentner','JF Philippsburg '),(97,'michael.barth@feuerwehr-rheinstetten.de','Michael Barth','JF Rheinsheim '),(98,'jugendwart@feuerwehr-rheinstetten.de','Aaron Nees','JF Rheinstetten gesamt '),(99,'maurice.demmer@feuerwehr-rheinstetten.de','Maurice Demmer','JF Neuburgweier '),(100,'michael.barth@feuerwehr-rheinstetten.de','Michael Barth','JF Rheinstetten '),(101,'mona.banspach@feuerwehr-stutensee.de','Mona Banspach','JF Stutensee gesamt '),(102,'fabian.seitz@feuerwehr-stutensee.de','Fabian Seitz','JF Blankenloch '),(103,'lukas.bresnik@feuerwehr-stutensee.de','Bresnik Lukas','JF Friedrichstal '),(104,'daniel.dietl@feuerwehr-stutensee.de','Daniel Dietl','JF Spöck '),(105,'mona.banspach@feuerwehr-stutensee.de','Mona Banspach','JF Staffort '),(106,'Martin.Meergraf@web.de','Martin Meergraf','JF Sulzfeld '),(107,'Daniel.Feigenbutz@gmx.de','Daniel Feigenbutz','JF Ubstadt-Weiher gesamt '),(108,'pierrerolli@gmail.com','Pierre Rolli','JF Stettfeld '),(109,'jugend@ff-ubstadt.de','Marcel Falkenstein','JF Ubstadt '),(110,'jonas.volkenand-ffw@gmx.de','Jonas Volkenand','JF Weiher '),(111,'fabian.seithel@web.de','Fabian Seithel','JF Zeutern '),(112,'philipp.koehler@ffw-kirrlach.de','Philipp Köhler','JF Kirrlach '),(113,'chimney-sweeper@web.de','Julian Lohmann','JF Waghäusel '),(114,'Nathalie-Knebel@gmx.de','Nathalie Knebel','JF Wiesental '),(115,'d.heuser@tch3.de','Dominic Heuser','JF Waldbronn '),(116,'d.heuser@tch3.de','Dominic Heuser','JF Busenbach '),(117,'d.heuser@tch3.de','Dominic Heuser','JF Etzenrot '),(118,'d.heuser@tch3.de','Dominic Heuser','JF Reichenbach '),(119,'jugendwart@feuerwehr-walzbachtal.de','Tobias Lange','JF Walzbachtal '),(120,'Jugendwart@ff-weingarten-baden.de','Michele Essig','JF Weingarten '),(121,'guidoloelfing@gmail.com','Guido Lölfing','JF Zaisenhausen '),(122,'j.koestens@web.de','Jürgen Köstens','JF Landkreis Karlsruhe Küchenzug'),(123,'Markus1910781@web.de','Markus Fischer ','JF Landkreis Karlsruhe FGL Wettbewerbe'),(124,'knebeljochen@yahoo.de','Jochen Knebel','JF Landkreis Karlsruhe Sanitätszug'),(125,'Vera.Butterer@bruchsal.de','Butterer Vera ','Helfer Ausrichter'),(126,'Timo.Spitz@KabelBW.de','Timo Spitz','JF Landkreis Karlsruhe Finanzen');
/*!40000 ALTER TABLE `departments` ENABLE KEYS */;
UNLOCK TABLES;
DROP TABLE IF EXISTS `events`;
/*!40101 SET @saved_cs_client     = @@character_set_client */;
/*!50503 SET character_set_client = utf8mb4 */;
CREATE TABLE `events` (
  `id` bigint NOT NULL AUTO_INCREMENT,
  `code` varchar(255) NOT NULL,
  `name` varchar(255) NOT NULL,
  `trashed` bit(1) NOT NULL,
  `type` varchar(255) NOT NULL DEFAULT 'Location',
  PRIMARY KEY (`id`),
  KEY `unique_events_code` (`code`)
) ENGINE=InnoDB AUTO_INCREMENT=12 DEFAULT CHARSET=utf8mb4 COLLATE=utf8mb4_0900_ai_ci;
/*!40101 SET character_set_client = @saved_cs_client */;

LOCK TABLES `events` WRITE;
/*!40000 ALTER TABLE `events` DISABLE KEYS */;
INSERT INTO `events` VALUES (10,'zeltin01','Zeltlager betreten',_binary '\0','GlobalEnter'),(11,'zeltout2','Zeltlager verlassen',_binary '\0','GlobalLeave');
/*!40000 ALTER TABLE `events` ENABLE KEYS */;
UNLOCK TABLES;
DROP TABLE IF EXISTS `pcr_test_series`;
/*!40101 SET @saved_cs_client     = @@character_set_client */;
/*!50503 SET character_set_client = utf8mb4 */;
CREATE TABLE `pcr_test_series` (
  `id` bigint NOT NULL AUTO_INCREMENT,
  `end` datetime(6) NOT NULL,
  `start` datetime(6) NOT NULL,
  `name` varchar(255) NOT NULL,
  `trashed` bit(1) NOT NULL,
  PRIMARY KEY (`id`)
) ENGINE=InnoDB AUTO_INCREMENT=10 DEFAULT CHARSET=utf8mb4 COLLATE=utf8mb4_0900_ai_ci;
/*!40101 SET character_set_client = @saved_cs_client */;

LOCK TABLES `pcr_test_series` WRITE;
/*!40000 ALTER TABLE `pcr_test_series` DISABLE KEYS */;
/*!40000 ALTER TABLE `pcr_test_series` ENABLE KEYS */;
UNLOCK TABLES;
DROP TABLE IF EXISTS `pcr_tests`;
/*!40101 SET @saved_cs_client     = @@character_set_client */;
/*!50503 SET character_set_client = utf8mb4 */;
CREATE TABLE `pcr_tests` (
  `id` bigint NOT NULL AUTO_INCREMENT,
  `code` varchar(255) NOT NULL,
  `trashed` bit(1) NOT NULL,
  `pcr_test_series_id` bigint NOT NULL,
  PRIMARY KEY (`id`),
  UNIQUE KEY `unique_pcr_tests_code_pcr_test_series_id` (`code`,`pcr_test_series_id`),
  UNIQUE KEY `unique_pcr_tests_code` (`code`),
  KEY `pcr_tests_pcr_test_series_constraint` (`pcr_test_series_id`),
  CONSTRAINT `pcr_tests_pcr_test_series_constraint` FOREIGN KEY (`pcr_test_series_id`) REFERENCES `pcr_test_series` (`id`)
) ENGINE=InnoDB AUTO_INCREMENT=10 DEFAULT CHARSET=utf8mb4 COLLATE=utf8mb4_0900_ai_ci;
/*!40101 SET character_set_client = @saved_cs_client */;

LOCK TABLES `pcr_tests` WRITE;
/*!40000 ALTER TABLE `pcr_tests` DISABLE KEYS */;
/*!40000 ALTER TABLE `pcr_tests` ENABLE KEYS */;
UNLOCK TABLES;
DROP TABLE IF EXISTS `settings`;
/*!40101 SET @saved_cs_client     = @@character_set_client */;
/*!50503 SET character_set_client = utf8mb4 */;
CREATE TABLE `settings` (
  `id` bigint NOT NULL,
  `event_address` varchar(255) NOT NULL,
  `event_start` date NOT NULL,
  `event_end` date NOT NULL,
  `event_name` varchar(255) NOT NULL,
  `host_city` varchar(255) NOT NULL,
  `money_per_youth_loader` varchar(255) NOT NULL,
  `organisation_address` varchar(255) NOT NULL,
  `organizer` varchar(255) NOT NULL,
  `registration_end` datetime(6) NOT NULL,
  `start_download_registration_files` datetime(6) NOT NULL DEFAULT '2023-05-24 23:59:59.000000',
  PRIMARY KEY (`id`)
) ENGINE=InnoDB DEFAULT CHARSET=utf8mb4 COLLATE=utf8mb4_0900_ai_ci;
/*!40101 SET character_set_client = @saved_cs_client */;

LOCK TABLES `settings` WRITE;
/*!40000 ALTER TABLE `settings` DISABLE KEYS */;
INSERT INTO `settings` VALUES (1,'Sportzentrum 11, 76646 Bruchsal','2023-06-07','2023-06-11','Kreiszeltlager','Bruchsal','25,00','Jugendfeuerwehr Landkreis Karlsruhe\nHauptstraße 140\n76307 Karlsbad','Jugendfeuerwehr Landkreis Karlsruhe','2023-03-14 22:59:59.000000','2023-05-08 03:00:01.000000');
/*!40000 ALTER TABLE `settings` ENABLE KEYS */;
UNLOCK TABLES;
DROP TABLE IF EXISTS `tents`;
/*!40101 SET @saved_cs_client     = @@character_set_client */;
/*!50503 SET character_set_client = utf8mb4 */;
CREATE TABLE `tents` (
  `id` bigint NOT NULL AUTO_INCREMENT,
  `department_id` bigint NOT NULL,
  `sg200` bigint NOT NULL,
  `sg20` bigint NOT NULL,
  `sg30` bigint NOT NULL,
  `sg40` bigint NOT NULL,
  `sg50` bigint NOT NULL,
  PRIMARY KEY (`id`,`department_id`),
  UNIQUE KEY `department_id` (`department_id`),
  UNIQUE KEY `department_id_2` (`department_id`),
  CONSTRAINT `tents_department_id_constraint` FOREIGN KEY (`department_id`) REFERENCES `departments` (`id`)
) ENGINE=InnoDB AUTO_INCREMENT=47 DEFAULT CHARSET=utf8mb4 COLLATE=utf8mb4_0900_ai_ci;
/*!40101 SET character_set_client = @saved_cs_client */;

LOCK TABLES `tents` WRITE;
/*!40000 ALTER TABLE `tents` DISABLE KEYS */;
INSERT INTO `tents` VALUES (10,37,0,0,1,2,0),(11,32,0,0,3,0,0),(12,24,0,0,3,0,0),(13,48,0,0,0,1,1),(14,99,0,0,0,0,2),(15,119,2,0,0,0,0),(16,30,0,0,0,1,0),(17,109,0,0,2,2,0),(18,70,0,0,3,0,0),(19,86,0,0,2,0,0),(20,33,0,0,2,1,0),(21,121,0,0,2,0,0),(22,106,0,2,0,0,0),(23,102,0,0,2,0,0),(24,100,0,0,0,0,2),(25,74,0,0,1,0,0),(26,19,0,0,0,2,0),(27,50,0,0,2,0,0),(28,87,0,3,0,0,0),(29,57,0,0,2,0,0),(30,29,0,0,1,0,0),(31,111,0,0,2,0,0),(32,69,0,0,0,3,0),(33,38,0,0,6,0,0),(34,17,0,0,2,0,1),(35,105,0,0,2,0,0),(36,83,0,0,1,0,0),(37,31,2,0,0,0,0),(38,77,0,0,1,1,0),(39,28,0,0,0,1,0),(40,73,0,0,0,1,0),(41,122,0,0,0,0,0),(42,89,0,0,3,2,0),(43,14,0,0,0,1,0),(44,72,0,0,0,0,1),(45,27,0,0,0,1,1),(46,123,0,0,0,0,0);
/*!40000 ALTER TABLE `tents` ENABLE KEYS */;
UNLOCK TABLES;
DROP TABLE IF EXISTS `users`;
/*!40101 SET @saved_cs_client     = @@character_set_client */;
/*!50503 SET character_set_client = utf8mb4 */;
CREATE TABLE `users` (
  `id` bigint NOT NULL AUTO_INCREMENT,
  `password` varchar(255) NOT NULL,
  `role` varchar(255) NOT NULL,
  `username` varchar(255) NOT NULL,
  `department_id` bigint NOT NULL,
  PRIMARY KEY (`id`),
  UNIQUE KEY `unique_users_username` (`username`),
  KEY `user_department_id_constraint` (`department_id`),
  CONSTRAINT `user_department_id_constraint` FOREIGN KEY (`department_id`) REFERENCES `departments` (`id`)
) ENGINE=InnoDB AUTO_INCREMENT=127 DEFAULT CHARSET=utf8mb4 COLLATE=utf8mb4_0900_ai_ci;
/*!40101 SET character_set_client = @saved_cs_client */;

LOCK TABLES `users` WRITE;
/*!40000 ALTER TABLE `users` DISABLE KEYS */;
INSERT INTO `users` VALUES (10,'$2a$12$jN2QV03wS9aEYvrw8NOA.e5ScqiejAnmkM2E8eCToWGzpRDguAaO2','ADMIN','admin',10),(11,'$2a$10$ZQjQJKcT1kYKIFDur0uDiujJJOSLEUoxlwedOasPC5kMNuZ48WbEG','SPECIALIZED_FIELD_DIRECTOR','lkkarlsruhe',11),(12,'$2a$10$0b3vtXst7VfhGOXDEthfTOMMIoGuQDBGxlY3lgZZLYnGCKrpWv71m','SPECIALIZED_FIELD_DIRECTOR','lagerundfahrten',12),(13,'$2a$10$8ggDCaEgWpsm8aSdMlPH1uOBtHfRgv4PV3AFm/bD9oMKNgydGOym.','USER','JFLangenbrücken',13),(14,'$2a$10$LHQoIhNjVK4pPNKbYsGUbu8bgNv/pDrPZoKxT5yb4VKiCpc0hMjgW','USER','JFMingolsheim',14),(15,'$2a$10$GKDglRZT.2zfd4eymJ5jwuUtb8IBgg2hUWCe2.YxHH0.21zEqIiUy','USER','JFBrettengesamt',15),(16,'$2a$10$0gO4O1j9mg3RUJgFuALTU.34n75ulQ6zH0q8RL5bNvUT3gAgIkx2a','USER','JFBauerbach',16),(17,'$2a$10$2RavIH.ohBahxOL6LDDr5Oypc6CJhbS0GkEexqOErJxGNQt.LjwGW','USER','JFBrettenStadt',17),(18,'$2a$10$2je4H.TdY5WTwfKi/4DSdOfQw/xQnjcCr7YmICWj7GL6/ai1I9H/S','USER','JFBüchig',18),(19,'$2a$10$jUddQocvI31ay16QI9/m7OdHN2.K/dKgi.6yjFAcQAVfuKtrPOI/O','USER','JFDiedelsheim',19),(20,'$2a$10$bN9jAJMGQFDJpTpkPa4hHuvtn99.OR1Iy6x/Csfa28iw3MBNXGtxC','USER','JFDürrenbüchig',20),(21,'$2a$10$v4yHD1BtS225ns1M8XtRjudA3JfHNdoBidbYrzKB.TWHAO.O/72pu','USER','JFGölshausen',21),(22,'$2a$10$VBATlaYSfuoHhoBoSMz/POhLm3xK/9AlMASBPzWtUJdqDi/G81z3a','USER','JFNeibsheim',22),(23,'$2a$10$.fl6aZfXBSASj049lWxBu.9Azc8hA/pA4WaPI3y4QW/3hQd.F5XiS','USER','JFRinklingen',23),(24,'$2a$10$aXiHgF7EpjINtIYh7iNiT.14aP6vEvvd6wAS/I6ahUjuOz6Kkp2fu','USER','JFRuit',24),(25,'$2a$10$oWoMlcnaLVJRWlELd3/Zbu7xuMsRuTs5qJa8c3SIxoTxSG5SrramS','USER','JFSprantal',25),(26,'$2a$10$e7o18rGS8S13zwtdHqx6he7B7ANUcN98kLyLkFxmTbMTvS8lnUKF6','USER','JFBruchsalgesamt',26),(27,'$2a$10$rJg3I.QS8eOUhzsYV.jH/O/XaGIltgzy5MHtwo4taxRNSUTcZo9LW','USER','JFBruchsalStadt',27),(28,'$2a$10$chzwH3ZowEDIQHXUAKOIN.EBFiTYqwfSjCc5jEKWphrtwh2idQaIy','USER','JFBüchenau',28),(29,'$2a$10$YKv.9VMC.TO6FxvlKzRylOu1Pp0n5ws9KPYY3hYGzpx3c.hGc9Zq6','USER','JFHeidelsheim',29),(30,'$2a$10$hVNj9elc2MMKWge4OO5QiOpzEr8Gi5Ccn/O7WWSMpJNkH1OPu3nEe','USER','JFHelmsheim',30),(31,'$2a$10$8nKUed2umh3VRHDJUP9jTex6I/YZm/LdbiUOvruyOszLig6g.grgy','USER','JFObergrombach',31),(32,'$2a$10$EA.Un4t8QJlJqHPopOJhlulNQGFsUnbrlXtScdThRSnqMYM3DaDAm','USER','JFUntergrombach',32),(33,'$2a$10$7ZAJ15GWR3rNizO8s9k8SeowAbWRyKtwkJpLUv.Euxt2ayP9g2kom','USER','JFLiedolsheim',33),(34,'$2a$10$eU337wjGmoBeenh7v8uEwuJ.IdP2Pb8CHY5HEJe2rqjt8eybHN6dW','USER','JFRußheim',34),(35,'$2a$10$bsbAKUO78HVUfNm9pusJ.O299/OJmbHqX8TYS2/KCiA3ykXcjetny','USER','JFEggenstein-Leopoldshafengesamt',35),(36,'$2a$10$2Ep2F38GQlNAm3hPxrgK7.rs2AJHDjzUiaEnmHtHpaAxOL4mxlZZu','USER','JFEggenstein',36),(37,'$2a$10$FnTflEK/dx4lqEImeQBCMuWODalbGQ0ZK2AtV1aGeMo128gngMswK','USER','JFLeopoldshafen',37),(38,'$2a$10$uhmWqHbLbgytHvFWLcwI2.yS4fCTzeHPlZpiWwfx6M9eF2f/enuUW','USER','JFEttlingengesamt',38),(39,'$2a$10$GC4GdBL7GOvLnXZXAMuUGeR66c9eIzwMhEhiPGLihYqJa0sD1s6lO','USER','JFBruchhausen',39),(40,'$2a$10$Hifi4Se2lItFXBwV2WWvwOc10b3jiBAjiRjjK5Mh14nXzoDoeW.im','USER','JFEttlingenStadt',40),(41,'$2a$10$2WLsVx3fM8IFa.53uqLDQugmrM.74PlxNmUdYUu08M/CYedbgGDwO','USER','JFEttlingenweier',41),(42,'$2a$10$ZRXys0JVk1g0wOv8E3QO8eUJBwzwc5EkSVM.qo2D4jMw6riH1vJTe','USER','JFOberweier',42),(43,'$2a$10$2hb8uPspnA64pXOA5jSLU./ZwY1EH8MtgjTu0Nd28qM7gtpcL65xC','USER','JFSchluttenbach',43),(44,'$2a$10$OuMEPUIqKeYKMLWK8QlqpO.a4PTGY5PgGhwiQUV7lW4JeC8/eurXu','USER','JFSchöllbronn',44),(45,'$2a$10$ktLWzO4Jw2j7aXOtL/7Le.OMS2bqpC1rgV6u0yfUukHUGU5CQjhiq','USER','JFSpessart',45),(46,'$2a$10$n8GFbOxTJYf/izVG2/.zgec.hmAkbc6R6UL82z7M.XZGuxkEiCg7q','USER','JFForst',46),(47,'$2a$10$xN60IYGzXnfG/zQYN1gKO.NKCZRqzWvv1csVZorhiH42WxjGpDCxK','USER','JFGondelsheim',47),(48,'$2a$10$FIBCwKZgLmiL8JDjykrwvO.g0uzFSJlcI/OxBSYcqOdak5oVH5MQ6','USER','JFGraben',48),(49,'$2a$10$IypJl2uOeAtEVslgSrW7Redh9uqtX9BEoilBzfFOZhWdKikj9WYyq','USER','JFNeudorf',49),(50,'$2a$10$W/bbA4LZ1ApJgAsNmf7ks.jIYXi6UE5g8CHzCXc7yhvnNA3VPVXrC','USER','JFHambrücken',50),(51,'$2a$10$ta8S6vbAYTkjsI0fYhIjUeScs8TMMxrIkd2S30YCZPwX253WA2t3e','USER','JFKarlsbadgesamt',51),(52,'$2a$10$Wb5gKzAZS9hf32pN1yDHPeyAiPy0KBbqLRkZrZj82UqPWmX4wvh.2','USER','JFAuerbach',52),(53,'$2a$10$X0jxd6pDGxo2h9Hwk6W9wuOlqNNmVgD6qaA3URjAv1Skd4xijv4py','USER','JFIttersbach',53),(54,'$2a$10$lFqO13f7uGnPoNtFoQKxX.9ur8gCfjOqlVQcpwfUoNhLevCwxe99a','USER','JFLangensteinbach',54),(55,'$2a$10$HjIc5KwLn97D1Z5T4yHp1eXG0.uXxjbDTDcdMDoEB/qRn0dYPRnjG','USER','JFMutschelbach',55),(56,'$2a$10$Z8VrY87YaS0ll/hSPVVY.uSyZhCSr4MijP/OnPI7I1/8vumdx8YAu','USER','JFSpielberg',56),(57,'$2a$10$OKYZsowD1vRISKf6kUMvMuRs5SXlsM8zds8bJrwogmaWRiqDoqPM.','USER','JFKarlsdorf-Neuthard',57),(58,'$2a$10$5FkaXXW/MAshN3A44BhesOT7mi4UwUCScU.KpHYuevqtJ9rxHpH/m','USER','JFKraichtalgesamt',58),(59,'$2a$10$S/.PU9pwDTsOBMWS1J3m6.YZd63QbiNnPBYkqFiELTU4pyeDkAOYG','USER','JFBahnbrücken',59),(60,'$2a$10$5XM9zAMPfAwVPWePsb69j.UcrJqEiuZ80qkSxZlMnMg4auDrrBx6u','USER','JFGochsheim',60),(61,'$2a$10$JD0Nn19ym9MS1Ontv02kpefL0ZhnieMar7n67GEC7Z3q7ki.zsudm','USER','JFLandshausen',61),(62,'$2a$10$i/vKNY5ShogVPbgslw7/5e1O7Pmvgn4oIJfCAEFbyZpN.jvVEEmIK','USER','JFMenzingen',62),(63,'$2a$10$L2fNUZXEx4qiy0OUMzrlsuFPORnEU9zzTxzQcbaABM8jIOBfTsGxe','USER','JFMünzesheim',63),(64,'$2a$10$DERdbE5dZ3U69E4NLynEI.lLAHuu4afgZWMDcnEd2PHkcCQrbZQB.','USER','JFNeuenbürg',64),(65,'$2a$10$vJCU7/bc2WsdtASXlYPBlOQc39qEdcrcD1tIf6XAGELvWG0GrsdAG','USER','JFOberacker',65),(66,'$2a$10$ET1SIRKhg7oj1GkMr2OuleFsg2kxN2awsdZOtfhF.tvBf9Dp/hjYy','USER','JFOberöwisheim',66),(67,'$2a$10$aoSjH47ORRqqQGo0ixV28eOMqDuUBfMuZsS9mQolQFGlnSbVe81RC','USER','JFUnteröwisheim',67),(68,'$2a$10$zKoqYrGAlwSt5PRiXyfE.eYIWo8jySpAvYwrv/yc7aB4mxDKgg3aK','USER','JFKronau',68),(69,'$2a$10$M5UTnMGIjia6LWSi.hhLMuBAnBMxoKWDawq9nlt1ygBIE92lyzjEu','USER','JFKürnbach',69),(70,'$2a$10$dRq.1GmNnGlY4d6KBW2hbO1p/U1BmxtUU14lcg81MeE8UX6DvhAQy','USER','JFLinkenheim-Hochstetten',70),(71,'$2a$10$4ZNOX1rFJW.d1kmg.EgMY.zTDt.oZ1JegA.RR4LKjy60EoMPECkVG','USER','JFMalschgesamt',71),(72,'$2a$10$ECGsQjr9T6u14t7/qDNDM.GCKTpd7JFn49u0zGPhTPRs7.QDb2T16','USER','JFMalsch',72),(73,'$2a$10$fiEDQmDjlTh4bHiAn97j/eGgzpQR0jYB4Cjv.FjJwTXH7h1.1ljNq','USER','JFSulzbach',73),(74,'$2a$10$e1sJjmhsLosv4mrA5kNUz.CoPHkd8phE188ZCLVZ5ZNGfls4zSVPu','USER','JFVölkersbach',74),(75,'$2a$10$MUGQfwTJcBvTT3K6KzpuJ.KV7cbgFymoqwVEVLOw0zGaCiePXyQ5G','USER','JFWaldprechtsweier',75),(76,'$2a$10$MuNBcPEMOdHHirXHHUoY6uyBw2.1kVHwfnHe2fMcBMSGvoq5EB1WO','USER','JFBurbach',76),(77,'$2a$10$PkBjglppoDxfU.hf.Y/CE.5/xadP0pYtES/Why41EPEbBM6djeR1O','USER','JFPfaffenrot',77),(78,'$2a$10$1/zyD1mITLrGaBuR1mlPP.jMQ919rDmzi3Acj04ZavH/qOuAUri5S','USER','JFSchielberg',78),(79,'$2a$10$AXmtaxg4gIC7ONwEuXC50evw8Cyq9FmB3.z.8f9is3RK1H2o8R1L6','USER','JFFlehingen',79),(80,'$2a$10$VX53hraOBTDQboD/ydnH6.x4dUs2Eh1Yo75qtOn1nOsxMZ/uYyxYS','USER','JFGroßvillars',80),(81,'$2a$10$TQsRfm6CKVohaR3rAbRvTuuDVXrYdkhKeQB8c5QYSAehdPlq9bJXe','USER','JFOberderdingen',81),(82,'$2a$10$rexoK2lFQjFE0h0aFfm/D.ABODfXhn57tQFWrtHxPESiteZJnITCW','USER','JFOberhausen',82),(83,'$2a$10$ZDZ7Hv606TsCXNYuiUJZfedwVfoWPhD3IKZ55aUQ207BAGfP9z78S','USER','JFRheinhausen',83),(84,'$2a$10$V/59/sD.dy4Pty1Auq5gRu3I0kYlCZHaV0pYwHfPfaTC3dMoKo662','USER','JFÖstringengesamt',84),(85,'$2a$10$3PDimkbAMXB3DPqPjIc05Ophf6zSTElRfc5fgOw/q83gZWAZ8NFpy','USER','JFEichelberg',85),(86,'$2a$10$rdYvBAGXm.kRVgfc/lTjAeK3AixzYO3NJy0CkNfqipJV9p3Qv6CmS','USER','JFOdenheim',86),(87,'$2a$10$NpNyXYHViSG8tT7Gs9KFAOOd1HT9MGfMLjOm1dsoyXCEI4EGBmRLe','USER','JFÖstringen',87),(88,'$2a$10$3w9Kgoyfi6X4p03O/79zfOlBq.OIuUOadq6DaVLAUlFOVu6szcQy6','USER','JFTiefenbach',88),(89,'$2a$10$3.KkSsm175ijzqC2uYWwRuR4QsTCakyC5lddJbaWnj1jdYTYutHey','USER','JFPfinztalgesamt',89),(90,'$2a$10$96t6ksAeFmWdIYxWh8XTnuD7bkwKSa5zBMJS9otiy/FNkXcFXhb2u','USER','JFBerghausen',90),(91,'$2a$10$yGlhW/H4h1L5/CB1xn7XjOmZ0mqXMEwfzaxMPOG4a4Ga3LLik3noC','USER','JFKleinsteinbach',91),(92,'$2a$10$1I2sARgaZOpnZIYgUhr/HODQNgvTDyEhzDioDR81M.bfzT2ruVli6','USER','JFSöllingen',92),(93,'$2a$10$TGnCMTbZ8NtjjrZbjB7iSOG3kNo2sUonepCh1Qj1yasbM3/nJFxmm','USER','JFWöschbach',93),(94,'$2a$10$oi2Jzyuqn5bErMIRx9Nlr.FcuGKtlMyPEsDm49cTzazCgLdQINbRm','USER','JFPhilippsburggesamt',94),(95,'$2a$10$PMNPWbtQtUo.Ym9pXEzRmeM.3Ywl1Xk5sHA5qeYwiVszeYMtBKmVq','USER','JFHuttenheim',95),(96,'$2a$10$EAgXSoEC.AkNw2jF9j19AON4vYHnmlCTjqxfLryT/d.h7.8RgJize','USER','JFPhilippsburg',96),(97,'$2a$10$NMqd.pDt/GElrTfrC1bK4.98eM9PxgAZKBoFhVKPDZvgNloxS1o8m','USER','JFRheinsheim',97),(98,'$2a$10$MC/bRB8.qKkMWTpCxmaAO.zpaarPineVJaDgjYhynSjNSGqz2nlQG','USER','JFRheinstettengesamt',98),(99,'$2a$10$iWngMoDYCSuakCGg2.JKGe/5coKyZ7nPkJ4dXm8MZFnJYbOnnJA1a','USER','JFNeuburgweier',99),(100,'$2a$10$WBe2EkmQBEH1KyWDwiy1kOuHd8GGSXXo1B/XX5UwNflcMZHKJ/aUC','USER','JFRheinstetten',100),(101,'$2a$10$DbxzLKLgUqvM0FNren2jDuPqquMowLZWezg5D6L24AjhH1kESrhBe','USER','JFStutenseegesamt',101),(102,'$2a$10$qMlI9R5DFwQGWFq.mFvl2.c5zsOTz6iFCv4f97HCSDd7NPO0z9FJG','USER','JFBlankenloch',102),(103,'$2a$10$xZet2Z3aqV42Nqacrhz4/OLCkn4Z4LjxQPunx3Vt4lgOuo0oOiYBC','USER','JFFriedrichstal',103),(104,'$2a$10$/7/Q40xG/EMGWIeMO/K36OkbUPp.Um2jNyJQIn7Q9yiIalr6MPnyK','USER','JFSpöck',104),(105,'$2a$10$u8RLnXELAW0/N3ImmV.hf.zPWxoyuFc.cdxS1ngLwA9p.FZS4NO3K','USER','JFStaffort',105),(106,'$2a$10$//0Xmfyc4gP4d8oUBrROPuEOh4JzPBUbtiBAU0abjNuf7.qv5nuBa','USER','JFSulzfeld',106),(107,'$2a$10$rstn8rKn3LYeiYkM4RmkMegoqlGcBDvfmqZ4DvfY9fxd3cT47od9q','USER','JFUbstadt-Weihergesamt',107),(108,'$2a$10$SHDB5x9UFyGZrQS6p5TBzOYO1JNR7mE/Zsu2zOmFySwYRk5r6wY.e','USER','JFStettfeld',108),(109,'$2a$10$lAvU5fg3P9sA4iyAk/X7AuPg2jfqgkZvRTabVZmIr.UE3bm5b4k/O','USER','JFUbstadt',109),(110,'$2a$10$zaY92/kUpFsiB8Z7VNZbjOEoFO3EgqXgAFWpzGp/Ln9S9l76Mi.sy','USER','JFWeiher',110),(111,'$2a$10$VHyZMhn5qzs3QGZ44DsJpOvvthK/kh9ZxzvF7L2ukSkjH9aWMTDny','USER','JFZeutern',111),(112,'$2a$10$k33sCKiTC4AYycOc4KD9v.1W3FxxZuwnYn.4wAijoixG7qs/s9Hu6','USER','JFKirrlach',112),(113,'$2a$10$WDr8tguvUP8cluzKLrMNRuHNc/SpA6M5kQPB/DNCGEdOzF7bHU05S','USER','JFWaghäusel',113),(114,'$2a$10$HWdH/bkokLbRlrsEXhwY0eKzU4lv877fKcf5QSmOz.dJkGOaumcKS','USER','JFWiesental',114),(115,'$2a$10$1/ZVLN3aDt39au9IpBlCBeasuJvh0KMyKk3KqrJw/wWbTxS31270.','USER','JFWaldbronn',115),(116,'$2a$10$AHZHyduzo7vDjNH9rk8UZuJXfA2n2JPSPMVzHDZwvPWv05LgJtXuG','USER','JFBusenbach',116),(117,'$2a$10$oVh16a8tm2dLSU3HCU4li.PpodnzMsHNzhxdZNPOsBGy9tRvNx9nq','USER','JFEtzenrot',117),(118,'$2a$10$ipiWe2WPEaEbYefh0xLeBeHM7MzvoOeZnysPplTPMj/Ds7HSmITZS','USER','JFReichenbach',118),(119,'$2a$10$y1.OM9/P6celzKisGQwA9eXJv.LqYY0YpuKdJlpYJDxM7Kc914Wx.','USER','JFWalzbachtal',119),(120,'$2a$10$Q5W4m6gahNuqZgC73u5RxumWrnT7.M1/fIVSOEgywyJwl7BqRYCXy','USER','JFWeingarten',120),(121,'$2a$10$DtjR9laL3erL/l6.AHpPouiAYv/6G4KQ5lh.xen3IZmFVKEGGd.7C','USER','JFZaisenhausen',121),(122,'$2a$10$398Bb7PObgbiBbAEgzZuxeJ25b4UflMCpLz3OPbfPHGcOY1QBXR..','USER','JFKüche',122),(123,'$2a$10$H6uv0Wxo6sYwlFWk3Bl6.uxQMul4UgDfg8F.y5LeWNS1sOJM2zu0y','USER','JFWettbewerbe',123),(124,'$2a$10$o1FEQfJKBGXz7Qgr9zBvv.ZIQbtta5PbfnDbrQ3zeTsoWk09L.CtK','USER','JFSanitäter',124),(125,'$2a$10$jFhVT1zQwR93jn5VxWHC..b792HhuGCV.GQ48t40DqDX7WIbtQpn6','USER','Helfer',125),(126,'$2a$10$fS6zxQ1QgeNKjjYgDhyek.qSjMAXidF1u2ISe8PJipxJh.L6lR83S','SPECIALIZED_FIELD_DIRECTOR','finanzen',126);
/*!40000 ALTER TABLE `users` ENABLE KEYS */;
UNLOCK TABLES;
DROP TABLE IF EXISTS `youth_plan_attendee_roles`;
/*!40101 SET @saved_cs_client     = @@character_set_client */;
/*!50503 SET character_set_client = utf8mb4 */;
CREATE TABLE `youth_plan_attendee_roles` (
  `attendee_id` bigint NOT NULL,
  `department_id` bigint NOT NULL,
  `youth_plan_role` varchar(255) NOT NULL,
  PRIMARY KEY (`attendee_id`),
  KEY `youth_plan_attendee_role_department_id` (`department_id`),
  CONSTRAINT `youth_plan_attendee_role_attendee_id` FOREIGN KEY (`attendee_id`) REFERENCES `attendees` (`id`),
  CONSTRAINT `youth_plan_attendee_role_department_id` FOREIGN KEY (`department_id`) REFERENCES `departments` (`id`)
) ENGINE=InnoDB DEFAULT CHARSET=utf8mb4 COLLATE=utf8mb4_0900_ai_ci;
/*!40101 SET character_set_client = @saved_cs_client */;

LOCK TABLES `youth_plan_attendee_roles` WRITE;
/*!40000 ALTER TABLE `youth_plan_attendee_roles` DISABLE KEYS */;
INSERT INTO `youth_plan_attendee_roles` VALUES (25,37,'YOUTH_LEADER'),(26,37,'YOUTH_LEADER'),(33,37,'YOUTH'),(34,37,'YOUTH'),(35,37,'YOUTH'),(36,37,'YOUTH'),(39,37,'YOUTH'),(40,37,'YOUTH'),(41,37,'YOUTH'),(42,37,'YOUTH'),(43,37,'YOUTH'),(45,37,'YOUTH'),(46,37,'YOUTH'),(47,37,'YOUTH'),(48,37,'YOUTH'),(49,37,'YOUTH'),(50,37,'YOUTH'),(51,37,'YOUTH'),(52,37,'YOUTH'),(53,37,'YOUTH_LEADER'),(54,37,'YOUTH'),(55,37,'YOUTH'),(56,37,'YOUTH'),(57,37,'YOUTH'),(58,32,'YOUTH_LEADER'),(59,32,'YOUTH_LEADER'),(60,32,'YOUTH'),(61,32,'YOUTH'),(62,32,'YOUTH'),(63,32,'YOUTH'),(65,37,'YOUTH'),(66,37,'YOUTH'),(67,32,'YOUTH_LEADER'),(69,48,'YOUTH_LEADER'),(70,48,'YOUTH'),(71,48,'YOUTH'),(72,48,'YOUTH'),(73,48,'YOUTH'),(74,48,'YOUTH'),(75,48,'YOUTH'),(76,48,'YOUTH'),(77,48,'YOUTH'),(78,48,'YOUTH'),(80,37,'YOUTH'),(81,37,'YOUTH'),(82,37,'YOUTH'),(83,37,'YOUTH'),(85,77,'YOUTH'),(86,77,'YOUTH'),(87,37,'YOUTH'),(88,119,'YOUTH_LEADER'),(89,119,'YOUTH_LEADER'),(90,119,'YOUTH'),(91,119,'YOUTH'),(92,119,'YOUTH'),(93,119,'YOUTH'),(94,119,'YOUTH'),(97,30,'YOUTH'),(98,30,'YOUTH'),(99,30,'YOUTH'),(100,30,'YOUTH'),(101,30,'YOUTH'),(102,30,'YOUTH'),(103,30,'YOUTH'),(104,30,'YOUTH_LEADER'),(108,11,'YOUTH_LEADER'),(109,11,'YOUTH_LEADER'),(110,11,'YOUTH'),(111,11,'YOUTH'),(112,11,'YOUTH'),(113,119,'YOUTH'),(114,11,'YOUTH_LEADER'),(115,11,'YOUTH'),(119,11,'YOUTH'),(120,121,'YOUTH'),(124,121,'YOUTH'),(125,121,'YOUTH'),(126,121,'YOUTH'),(127,11,'YOUTH_LEADER'),(128,11,'YOUTH_LEADER'),(129,11,'YOUTH'),(130,109,'YOUTH'),(131,109,'YOUTH'),(132,109,'YOUTH'),(133,109,'YOUTH'),(134,109,'YOUTH'),(135,109,'YOUTH'),(136,109,'YOUTH'),(137,109,'YOUTH'),(138,109,'YOUTH'),(139,109,'YOUTH'),(140,109,'YOUTH'),(141,109,'YOUTH'),(142,109,'YOUTH'),(143,109,'YOUTH'),(144,109,'YOUTH'),(145,109,'YOUTH'),(146,109,'YOUTH'),(147,109,'YOUTH'),(148,109,'YOUTH'),(149,109,'YOUTH'),(150,109,'YOUTH'),(151,109,'YOUTH_LEADER'),(152,109,'YOUTH_LEADER'),(153,109,'YOUTH'),(154,109,'YOUTH_LEADER'),(155,109,'YOUTH_LEADER'),(156,109,'YOUTH_LEADER'),(157,100,'YOUTH_LEADER'),(158,100,'YOUTH'),(159,11,'YOUTH'),(160,11,'YOUTH'),(161,11,'YOUTH'),(162,11,'YOUTH'),(163,11,'YOUTH'),(164,100,'YOUTH'),(165,100,'YOUTH'),(166,100,'YOUTH'),(167,100,'YOUTH'),(168,100,'YOUTH'),(169,100,'YOUTH'),(170,100,'YOUTH'),(171,100,'YOUTH'),(172,100,'YOUTH'),(173,100,'YOUTH'),(174,100,'YOUTH'),(175,100,'YOUTH'),(176,100,'YOUTH'),(177,100,'YOUTH_LEADER'),(191,70,'YOUTH'),(192,70,'YOUTH'),(193,70,'YOUTH'),(194,70,'YOUTH'),(195,70,'YOUTH'),(196,70,'YOUTH'),(197,70,'YOUTH'),(198,70,'YOUTH'),(199,70,'YOUTH'),(200,70,'YOUTH'),(201,70,'YOUTH'),(202,70,'YOUTH'),(203,70,'YOUTH'),(204,70,'YOUTH_LEADER'),(205,70,'YOUTH_LEADER'),(206,70,'YOUTH_LEADER'),(207,70,'YOUTH'),(208,70,'YOUTH'),(209,70,'YOUTH_LEADER'),(210,70,'YOUTH'),(211,70,'YOUTH_LEADER'),(212,48,'YOUTH_LEADER'),(213,48,'YOUTH'),(214,48,'YOUTH'),(215,48,'YOUTH'),(216,48,'YOUTH'),(217,48,'YOUTH'),(218,106,'YOUTH'),(219,19,'YOUTH'),(220,19,'YOUTH'),(221,19,'YOUTH'),(222,19,'YOUTH'),(223,19,'YOUTH'),(224,19,'YOUTH'),(225,19,'YOUTH'),(226,19,'YOUTH'),(227,119,'YOUTH'),(228,119,'YOUTH'),(229,119,'YOUTH'),(230,32,'YOUTH'),(231,32,'YOUTH'),(232,32,'YOUTH'),(233,32,'YOUTH'),(234,32,'YOUTH'),(235,32,'YOUTH'),(236,32,'YOUTH'),(237,32,'YOUTH'),(238,32,'YOUTH'),(239,11,'YOUTH'),(240,32,'YOUTH'),(241,32,'YOUTH'),(243,32,'YOUTH'),(244,32,'YOUTH'),(245,32,'YOUTH'),(246,32,'YOUTH'),(247,32,'YOUTH'),(248,32,'YOUTH'),(249,33,'YOUTH'),(250,33,'YOUTH'),(251,33,'YOUTH'),(252,33,'YOUTH'),(253,33,'YOUTH'),(254,33,'YOUTH'),(255,33,'YOUTH'),(256,33,'YOUTH'),(257,33,'YOUTH'),(258,33,'YOUTH'),(259,33,'YOUTH'),(260,33,'YOUTH'),(261,33,'YOUTH'),(262,33,'YOUTH'),(263,33,'YOUTH'),(264,33,'YOUTH'),(265,33,'YOUTH'),(266,33,'YOUTH'),(267,33,'YOUTH'),(268,33,'YOUTH'),(269,33,'YOUTH'),(270,33,'YOUTH'),(271,33,'YOUTH_LEADER'),(272,33,'YOUTH_LEADER'),(273,33,'YOUTH'),(274,33,'YOUTH'),(275,33,'YOUTH'),(276,33,'YOUTH'),(277,33,'YOUTH_LEADER'),(278,33,'YOUTH'),(279,121,'YOUTH'),(280,121,'YOUTH'),(281,121,'YOUTH'),(282,121,'YOUTH'),(289,121,'YOUTH'),(290,121,'YOUTH'),(295,121,'YOUTH'),(297,121,'YOUTH'),(298,121,'YOUTH'),(299,121,'YOUTH_LEADER'),(300,121,'YOUTH_LEADER'),(301,121,'YOUTH'),(302,121,'YOUTH_LEADER'),(303,121,'YOUTH_LEADER'),(304,121,'YOUTH'),(305,32,'YOUTH'),(306,19,'YOUTH'),(307,19,'YOUTH'),(308,19,'YOUTH'),(309,106,'YOUTH'),(310,106,'YOUTH'),(311,106,'YOUTH'),(313,106,'YOUTH'),(314,33,'YOUTH'),(315,77,'YOUTH_LEADER'),(316,106,'YOUTH'),(317,102,'YOUTH_LEADER'),(318,102,'YOUTH_LEADER'),(319,102,'YOUTH_LEADER'),(320,102,'YOUTH'),(321,102,'YOUTH'),(323,100,'YOUTH_LEADER'),(324,106,'YOUTH'),(326,102,'YOUTH'),(327,106,'YOUTH'),(328,102,'YOUTH'),(329,102,'YOUTH'),(330,102,'YOUTH'),(331,102,'YOUTH'),(332,102,'YOUTH'),(333,102,'YOUTH'),(334,102,'YOUTH'),(335,102,'YOUTH'),(336,102,'YOUTH'),(337,102,'YOUTH'),(338,102,'YOUTH_LEADER'),(339,89,'YOUTH'),(340,89,'YOUTH'),(341,89,'YOUTH'),(342,89,'YOUTH'),(343,89,'YOUTH'),(344,89,'YOUTH'),(345,89,'YOUTH'),(346,89,'YOUTH'),(347,89,'YOUTH'),(348,89,'YOUTH'),(349,89,'YOUTH_LEADER'),(350,89,'YOUTH_LEADER'),(351,89,'YOUTH'),(353,89,'YOUTH_LEADER'),(354,89,'YOUTH_LEADER'),(355,89,'YOUTH_LEADER'),(356,89,'YOUTH'),(357,89,'YOUTH'),(358,89,'YOUTH'),(359,89,'YOUTH'),(360,89,'YOUTH'),(361,89,'YOUTH'),(362,89,'YOUTH'),(363,89,'YOUTH'),(364,89,'YOUTH'),(365,89,'YOUTH'),(366,89,'YOUTH'),(367,89,'YOUTH'),(369,89,'YOUTH'),(370,89,'YOUTH_LEADER'),(371,89,'YOUTH_LEADER'),(374,89,'YOUTH_LEADER'),(376,89,'YOUTH'),(377,89,'YOUTH'),(378,89,'YOUTH'),(379,89,'YOUTH'),(383,89,'YOUTH_LEADER'),(384,89,'YOUTH'),(385,89,'YOUTH'),(386,89,'YOUTH'),(387,89,'YOUTH'),(388,89,'YOUTH'),(389,89,'YOUTH'),(390,89,'YOUTH'),(391,89,'YOUTH'),(392,89,'YOUTH'),(393,89,'YOUTH'),(394,89,'YOUTH'),(395,89,'YOUTH'),(396,89,'YOUTH_LEADER'),(397,89,'YOUTH_LEADER'),(398,89,'YOUTH_LEADER'),(401,77,'YOUTH'),(402,77,'YOUTH'),(403,77,'YOUTH'),(404,77,'YOUTH'),(405,77,'YOUTH'),(406,19,'YOUTH'),(407,19,'YOUTH'),(408,19,'YOUTH'),(409,19,'YOUTH'),(410,19,'YOUTH'),(411,19,'YOUTH'),(412,37,'YOUTH'),(413,100,'YOUTH'),(414,100,'YOUTH'),(415,100,'YOUTH'),(416,100,'YOUTH'),(417,100,'YOUTH'),(418,100,'YOUTH'),(419,100,'YOUTH_LEADER'),(420,100,'YOUTH'),(421,74,'YOUTH'),(422,74,'YOUTH'),(423,74,'YOUTH'),(424,74,'YOUTH'),(425,74,'YOUTH'),(426,74,'YOUTH_LEADER'),(427,74,'YOUTH_LEADER'),(428,77,'YOUTH'),(429,77,'YOUTH'),(431,38,'YOUTH'),(432,38,'YOUTH'),(433,38,'YOUTH'),(434,38,'YOUTH'),(435,38,'YOUTH'),(436,38,'YOUTH'),(437,38,'YOUTH'),(438,38,'YOUTH'),(439,38,'YOUTH'),(440,38,'YOUTH'),(441,38,'YOUTH'),(442,38,'YOUTH'),(443,38,'YOUTH_LEADER'),(444,38,'YOUTH_LEADER'),(445,38,'YOUTH_LEADER'),(446,38,'YOUTH'),(447,38,'YOUTH'),(448,38,'YOUTH'),(449,38,'YOUTH_LEADER'),(450,38,'YOUTH_LEADER'),(451,38,'YOUTH_LEADER'),(452,19,'YOUTH'),(453,106,'YOUTH'),(454,106,'YOUTH'),(455,74,'YOUTH_LEADER'),(456,106,'YOUTH'),(457,106,'YOUTH_LEADER'),(458,100,'YOUTH'),(459,100,'YOUTH_LEADER'),(460,99,'YOUTH'),(461,99,'YOUTH'),(462,99,'YOUTH'),(463,99,'YOUTH'),(464,99,'YOUTH'),(465,99,'YOUTH'),(466,99,'YOUTH'),(467,99,'YOUTH'),(468,99,'YOUTH'),(469,99,'YOUTH'),(470,99,'YOUTH'),(471,99,'YOUTH'),(472,99,'YOUTH'),(473,99,'YOUTH'),(474,99,'YOUTH'),(475,99,'YOUTH_LEADER'),(476,51,'YOUTH'),(477,51,'YOUTH'),(478,51,'YOUTH'),(479,51,'YOUTH'),(480,51,'YOUTH'),(481,51,'YOUTH'),(482,51,'YOUTH'),(483,51,'YOUTH'),(484,51,'YOUTH'),(485,51,'YOUTH'),(486,51,'YOUTH'),(487,51,'YOUTH'),(488,51,'YOUTH'),(489,51,'YOUTH'),(490,51,'YOUTH'),(491,51,'YOUTH'),(492,51,'YOUTH'),(493,51,'YOUTH_LEADER'),(494,51,'YOUTH'),(495,51,'YOUTH_LEADER'),(496,51,'YOUTH'),(497,51,'YOUTH'),(498,51,'YOUTH_LEADER'),(499,51,'YOUTH'),(500,51,'YOUTH_LEADER'),(501,51,'YOUTH'),(502,51,'YOUTH'),(503,51,'YOUTH'),(504,51,'YOUTH'),(505,51,'YOUTH'),(506,51,'YOUTH'),(507,109,'YOUTH_LEADER'),(508,77,'YOUTH'),(509,77,'YOUTH'),(510,77,'YOUTH'),(511,77,'YOUTH'),(512,50,'YOUTH'),(513,77,'YOUTH'),(514,50,'YOUTH'),(515,50,'YOUTH'),(516,50,'YOUTH'),(517,87,'YOUTH'),(518,50,'YOUTH'),(519,77,'YOUTH'),(520,50,'YOUTH'),(521,87,'YOUTH'),(522,50,'YOUTH'),(523,77,'YOUTH'),(524,50,'YOUTH'),(525,77,'YOUTH'),(526,87,'YOUTH'),(527,50,'YOUTH'),(528,77,'YOUTH'),(529,50,'YOUTH'),(530,87,'YOUTH'),(531,50,'YOUTH'),(532,87,'YOUTH'),(533,50,'YOUTH'),(534,50,'YOUTH'),(535,87,'YOUTH'),(537,50,'YOUTH_LEADER'),(538,50,'YOUTH'),(539,87,'YOUTH'),(540,50,'YOUTH'),(541,50,'YOUTH'),(542,50,'YOUTH'),(543,87,'YOUTH'),(544,87,'YOUTH'),(545,87,'YOUTH'),(546,87,'YOUTH'),(547,87,'YOUTH'),(548,87,'YOUTH'),(549,87,'YOUTH'),(550,87,'YOUTH'),(551,87,'YOUTH'),(552,87,'YOUTH'),(553,87,'YOUTH'),(554,87,'YOUTH'),(555,87,'YOUTH'),(556,87,'YOUTH_LEADER'),(557,87,'YOUTH_LEADER'),(558,87,'YOUTH_LEADER'),(559,87,'YOUTH'),(560,87,'YOUTH'),(561,87,'YOUTH'),(562,87,'YOUTH'),(563,87,'YOUTH'),(564,87,'YOUTH'),(565,100,'YOUTH'),(566,100,'YOUTH'),(567,100,'YOUTH'),(568,100,'YOUTH'),(569,100,'YOUTH'),(570,100,'YOUTH'),(571,70,'YOUTH'),(572,70,'YOUTH'),(573,100,'YOUTH'),(574,100,'YOUTH_LEADER'),(575,57,'YOUTH_LEADER'),(576,57,'YOUTH_LEADER'),(577,57,'YOUTH'),(578,57,'YOUTH'),(579,57,'YOUTH'),(580,57,'YOUTH'),(581,57,'YOUTH'),(582,57,'YOUTH'),(583,57,'YOUTH'),(584,57,'YOUTH'),(585,57,'YOUTH'),(586,57,'YOUTH'),(587,57,'YOUTH'),(588,57,'YOUTH'),(589,57,'YOUTH'),(590,57,'YOUTH'),(591,57,'YOUTH'),(592,57,'YOUTH'),(593,121,'YOUTH'),(594,99,'YOUTH'),(595,99,'YOUTH'),(596,99,'YOUTH'),(597,99,'YOUTH'),(598,99,'YOUTH'),(599,99,'YOUTH'),(600,77,'YOUTH'),(601,77,'YOUTH'),(602,77,'YOUTH'),(603,77,'YOUTH'),(606,77,'YOUTH'),(607,77,'YOUTH'),(608,38,'YOUTH'),(610,38,'YOUTH'),(611,38,'YOUTH_LEADER'),(612,38,'YOUTH_LEADER'),(613,38,'YOUTH'),(614,38,'YOUTH'),(615,38,'YOUTH'),(616,38,'YOUTH'),(617,38,'YOUTH'),(618,38,'YOUTH'),(619,38,'YOUTH'),(620,38,'YOUTH'),(621,38,'YOUTH'),(622,38,'YOUTH'),(623,38,'YOUTH'),(624,38,'YOUTH'),(625,38,'YOUTH'),(627,38,'YOUTH_LEADER'),(628,38,'YOUTH_LEADER'),(629,57,'YOUTH_LEADER'),(630,57,'YOUTH'),(631,99,'YOUTH'),(632,99,'YOUTH'),(633,119,'YOUTH'),(634,29,'YOUTH'),(635,29,'YOUTH'),(636,29,'YOUTH'),(637,29,'YOUTH'),(638,29,'YOUTH'),(639,29,'YOUTH'),(640,29,'YOUTH'),(641,29,'YOUTH'),(642,29,'YOUTH'),(643,29,'YOUTH_LEADER'),(644,72,'YOUTH'),(645,72,'YOUTH'),(646,72,'YOUTH'),(647,72,'YOUTH'),(648,72,'YOUTH'),(649,72,'YOUTH'),(650,72,'YOUTH'),(651,72,'YOUTH'),(652,72,'YOUTH'),(653,72,'YOUTH'),(654,72,'YOUTH'),(655,72,'YOUTH'),(656,72,'YOUTH'),(657,72,'YOUTH'),(658,72,'YOUTH'),(659,111,'YOUTH'),(660,111,'YOUTH'),(661,111,'YOUTH'),(662,111,'YOUTH'),(663,111,'YOUTH'),(664,111,'YOUTH'),(665,111,'YOUTH'),(666,111,'YOUTH'),(667,111,'YOUTH'),(668,111,'YOUTH'),(669,111,'YOUTH'),(670,111,'YOUTH_LEADER'),(671,111,'YOUTH_LEADER'),(672,111,'YOUTH'),(673,111,'YOUTH'),(674,111,'YOUTH_LEADER'),(675,69,'YOUTH_LEADER'),(676,69,'YOUTH'),(677,69,'YOUTH'),(678,69,'YOUTH'),(679,69,'YOUTH'),(680,69,'YOUTH'),(681,69,'YOUTH'),(682,69,'YOUTH'),(683,69,'YOUTH'),(684,69,'YOUTH'),(685,69,'YOUTH'),(686,69,'YOUTH'),(687,69,'YOUTH'),(688,69,'YOUTH'),(689,69,'YOUTH'),(690,69,'YOUTH'),(691,69,'YOUTH'),(692,69,'YOUTH'),(693,69,'YOUTH'),(694,69,'YOUTH'),(695,69,'YOUTH'),(696,69,'YOUTH_LEADER'),(697,69,'YOUTH'),(698,69,'YOUTH'),(699,69,'YOUTH_LEADER'),(700,69,'YOUTH_LEADER'),(701,38,'YOUTH'),(702,38,'YOUTH'),(703,38,'YOUTH'),(704,38,'YOUTH'),(705,38,'YOUTH'),(706,38,'YOUTH'),(707,38,'YOUTH'),(708,38,'YOUTH'),(709,38,'YOUTH'),(710,38,'YOUTH'),(711,38,'YOUTH'),(712,38,'YOUTH'),(713,38,'YOUTH'),(714,38,'YOUTH'),(715,38,'YOUTH'),(716,17,'YOUTH'),(718,17,'YOUTH'),(719,17,'YOUTH'),(720,17,'YOUTH'),(721,17,'YOUTH'),(722,17,'YOUTH'),(723,17,'YOUTH'),(724,17,'YOUTH'),(725,17,'YOUTH'),(726,17,'YOUTH'),(727,17,'YOUTH'),(728,17,'YOUTH'),(729,17,'YOUTH'),(730,17,'YOUTH'),(731,17,'YOUTH'),(732,17,'YOUTH_LEADER'),(733,17,'YOUTH_LEADER'),(734,17,'YOUTH'),(735,17,'YOUTH'),(736,17,'YOUTH'),(737,17,'YOUTH'),(738,111,'YOUTH'),(739,111,'YOUTH'),(740,111,'YOUTH_LEADER'),(741,111,'YOUTH_LEADER'),(742,24,'YOUTH'),(743,24,'YOUTH'),(744,24,'YOUTH'),(745,24,'YOUTH'),(746,24,'YOUTH'),(747,24,'YOUTH'),(748,24,'YOUTH'),(749,24,'YOUTH'),(750,24,'YOUTH'),(751,24,'YOUTH'),(752,24,'YOUTH'),(753,24,'YOUTH'),(754,24,'YOUTH'),(755,24,'YOUTH'),(756,24,'YOUTH_LEADER'),(757,24,'YOUTH_LEADER'),(758,86,'YOUTH'),(760,105,'YOUTH_LEADER'),(761,86,'YOUTH'),(762,105,'YOUTH'),(763,105,'YOUTH_LEADER'),(764,86,'YOUTH'),(765,105,'YOUTH_LEADER'),(766,86,'YOUTH'),(767,86,'YOUTH'),(768,86,'YOUTH'),(769,86,'YOUTH'),(771,105,'YOUTH'),(772,86,'YOUTH'),(773,105,'YOUTH'),(774,105,'YOUTH'),(775,86,'YOUTH'),(776,86,'YOUTH_LEADER'),(777,105,'YOUTH'),(778,105,'YOUTH'),(779,86,'YOUTH'),(780,105,'YOUTH'),(781,105,'YOUTH'),(782,86,'YOUTH'),(783,105,'YOUTH'),(784,105,'YOUTH'),(785,105,'YOUTH'),(786,105,'YOUTH'),(787,105,'YOUTH'),(788,83,'YOUTH'),(789,83,'YOUTH'),(790,83,'YOUTH'),(791,83,'YOUTH'),(792,83,'YOUTH'),(793,83,'YOUTH'),(794,83,'YOUTH'),(795,83,'YOUTH'),(796,83,'YOUTH'),(797,83,'YOUTH_LEADER'),(798,83,'YOUTH_LEADER'),(799,83,'YOUTH'),(800,83,'YOUTH'),(801,31,'YOUTH_LEADER'),(802,31,'YOUTH'),(803,31,'YOUTH'),(804,31,'YOUTH'),(805,31,'YOUTH'),(806,31,'YOUTH'),(807,31,'YOUTH'),(808,28,'YOUTH'),(809,28,'YOUTH'),(810,28,'YOUTH'),(811,28,'YOUTH'),(812,28,'YOUTH'),(814,28,'YOUTH_LEADER'),(815,28,'YOUTH'),(816,28,'YOUTH'),(817,73,'YOUTH_LEADER'),(818,73,'YOUTH_LEADER'),(819,73,'YOUTH'),(820,73,'YOUTH_LEADER'),(821,73,'YOUTH'),(822,73,'YOUTH_LEADER'),(823,73,'YOUTH'),(824,73,'YOUTH'),(825,73,'YOUTH'),(826,73,'YOUTH'),(827,73,'YOUTH'),(828,73,'YOUTH'),(829,73,'YOUTH'),(830,73,'YOUTH'),(831,73,'YOUTH'),(832,73,'YOUTH'),(833,122,'YOUTH'),(834,122,'YOUTH'),(835,11,'YOUTH'),(836,122,'YOUTH'),(837,122,'YOUTH'),(838,122,'YOUTH'),(839,122,'YOUTH'),(840,122,'YOUTH'),(841,122,'YOUTH'),(842,122,'YOUTH'),(843,122,'YOUTH'),(844,122,'YOUTH'),(845,122,'YOUTH'),(846,122,'YOUTH'),(847,122,'YOUTH'),(848,122,'YOUTH'),(849,122,'YOUTH'),(850,122,'YOUTH'),(851,122,'YOUTH'),(852,122,'YOUTH'),(853,122,'YOUTH'),(854,122,'YOUTH'),(855,122,'YOUTH'),(856,122,'YOUTH'),(857,122,'YOUTH'),(858,122,'YOUTH'),(859,122,'YOUTH'),(860,122,'YOUTH'),(861,122,'YOUTH'),(862,122,'YOUTH'),(863,122,'YOUTH'),(864,122,'YOUTH'),(865,122,'YOUTH'),(866,24,'YOUTH'),(867,24,'YOUTH_LEADER'),(868,24,'YOUTH'),(869,24,'YOUTH_LEADER'),(870,24,'YOUTH'),(871,70,'YOUTH'),(872,14,'YOUTH_LEADER'),(873,14,'YOUTH'),(874,14,'YOUTH'),(875,14,'YOUTH'),(876,14,'YOUTH'),(877,14,'YOUTH'),(878,14,'YOUTH'),(879,14,'YOUTH'),(880,14,'YOUTH_LEADER'),(881,11,'YOUTH'),(884,27,'YOUTH'),(886,27,'YOUTH'),(887,27,'YOUTH'),(888,27,'YOUTH'),(889,27,'YOUTH'),(890,27,'YOUTH'),(891,27,'YOUTH'),(892,27,'YOUTH'),(893,27,'YOUTH'),(894,27,'YOUTH_LEADER'),(895,27,'YOUTH'),(896,27,'YOUTH'),(898,27,'YOUTH'),(899,27,'YOUTH'),(900,27,'YOUTH'),(901,123,'YOUTH_LEADER'),(902,123,'YOUTH_LEADER'),(903,123,'YOUTH_LEADER'),(904,123,'YOUTH_LEADER'),(905,123,'YOUTH_LEADER'),(906,123,'YOUTH_LEADER'),(907,123,'YOUTH_LEADER'),(908,123,'YOUTH_LEADER'),(909,123,'YOUTH_LEADER'),(910,123,'YOUTH_LEADER'),(912,123,'YOUTH_LEADER'),(913,123,'YOUTH_LEADER'),(914,27,'YOUTH'),(917,11,'YOUTH_LEADER'),(918,11,'YOUTH_LEADER'),(920,105,'YOUTH'),(921,69,'YOUTH'),(922,28,'YOUTH'),(923,11,'YOUTH'),(924,11,'YOUTH'),(925,124,'YOUTH_LEADER'),(926,124,'YOUTH_LEADER'),(927,124,'YOUTH_LEADER'),(928,124,'YOUTH_LEADER'),(929,124,'YOUTH_LEADER'),(930,124,'YOUTH_LEADER'),(931,124,'YOUTH_LEADER'),(932,124,'YOUTH_LEADER'),(933,124,'YOUTH_LEADER'),(934,124,'YOUTH_LEADER'),(935,124,'YOUTH_LEADER'),(936,11,'YOUTH'),(937,77,'YOUTH'),(938,87,'YOUTH_LEADER'),(939,37,'YOUTH'),(940,37,'YOUTH'),(941,86,'YOUTH'),(942,48,'YOUTH_LEADER');
/*!40000 ALTER TABLE `youth_plan_attendee_roles` ENABLE KEYS */;
UNLOCK TABLES;
/*!40103 SET TIME_ZONE=@OLD_TIME_ZONE */;

/*!40101 SET SQL_MODE=@OLD_SQL_MODE */;
/*!40014 SET FOREIGN_KEY_CHECKS=@OLD_FOREIGN_KEY_CHECKS */;
/*!40014 SET UNIQUE_CHECKS=@OLD_UNIQUE_CHECKS */;
/*!40101 SET CHARACTER_SET_CLIENT=@OLD_CHARACTER_SET_CLIENT */;
/*!40101 SET CHARACTER_SET_RESULTS=@OLD_CHARACTER_SET_RESULTS */;
/*!40101 SET COLLATION_CONNECTION=@OLD_COLLATION_CONNECTION */;
/*!40111 SET SQL_NOTES=@OLD_SQL_NOTES */;

